"setting.idx","metric","Dose 1","Dose 2","Dose 3","Dose 4","Dose 5"
245,"True.Tox",0.1,0.2,0.35,0.43,0.5
245,"True.Eff",0.1,0.36,0.37,0.4,0.41
245,"True.Utility",0.03,0.23,0.14,0.11,0.08
229,"True.Tox",0.1,0.2,0.35,0.43,0.5
229,"True.Eff",0.1,0.36,0.37,0.4,0.41
229,"True.Utility",0.03,0.23,0.14,0.11,0.08
5,"True.Tox",0.1,0.2,0.35,0.43,0.5
5,"True.Eff",0.1,0.36,0.37,0.4,0.41
5,"True.Utility",0.03,0.23,0.14,0.11,0.08
61,"True.Tox",0.1,0.2,0.35,0.43,0.5
61,"True.Eff",0.1,0.36,0.37,0.4,0.41
61,"True.Utility",0.03,0.23,0.14,0.11,0.08
29,"True.Tox",0.1,0.2,0.35,0.43,0.5
29,"True.Eff",0.1,0.36,0.37,0.4,0.41
29,"True.Utility",0.03,0.23,0.14,0.11,0.08
45,"True.Tox",0.1,0.2,0.35,0.43,0.5
45,"True.Eff",0.1,0.36,0.37,0.4,0.41
45,"True.Utility",0.03,0.23,0.14,0.11,0.08
261,"True.Tox",0.1,0.2,0.35,0.43,0.5
261,"True.Eff",0.1,0.36,0.37,0.4,0.41
261,"True.Utility",0.03,0.23,0.14,0.11,0.08
69,"True.Tox",0.1,0.2,0.35,0.43,0.5
69,"True.Eff",0.1,0.36,0.37,0.4,0.41
69,"True.Utility",0.03,0.23,0.14,0.11,0.08
53,"True.Tox",0.1,0.2,0.35,0.43,0.5
53,"True.Eff",0.1,0.36,0.37,0.4,0.41
53,"True.Utility",0.03,0.23,0.14,0.11,0.08
285,"True.Tox",0.1,0.2,0.35,0.43,0.5
285,"True.Eff",0.1,0.36,0.37,0.4,0.41
285,"True.Utility",0.03,0.23,0.14,0.11,0.08
37,"True.Tox",0.1,0.2,0.35,0.43,0.5
37,"True.Eff",0.1,0.36,0.37,0.4,0.41
37,"True.Utility",0.03,0.23,0.14,0.11,0.08
249,"True.Tox",0.1,0.18,0.35,0.4,0.5
249,"True.Eff",0.35,0.35,0.37,0.39,0.39
249,"True.Utility",0.28,0.23,0.14,0.12,0.06
1,"True.Tox",0.1,0.18,0.35,0.4,0.5
1,"True.Eff",0.35,0.35,0.37,0.39,0.39
1,"True.Utility",0.28,0.23,0.14,0.12,0.06
349,"True.Tox",0.1,0.2,0.35,0.43,0.5
349,"True.Eff",0.1,0.36,0.37,0.4,0.41
349,"True.Utility",0.03,0.23,0.14,0.11,0.08
241,"True.Tox",0.1,0.18,0.35,0.4,0.5
241,"True.Eff",0.35,0.35,0.37,0.39,0.39
241,"True.Utility",0.28,0.23,0.14,0.12,0.06
109,"True.Tox",0.1,0.2,0.35,0.43,0.5
109,"True.Eff",0.1,0.36,0.37,0.4,0.41
109,"True.Utility",0.03,0.23,0.14,0.11,0.08
269,"True.Tox",0.1,0.2,0.35,0.43,0.5
269,"True.Eff",0.1,0.36,0.37,0.4,0.41
269,"True.Utility",0.03,0.23,0.14,0.11,0.08
133,"True.Tox",0.1,0.2,0.35,0.43,0.5
133,"True.Eff",0.1,0.36,0.37,0.4,0.41
133,"True.Utility",0.03,0.23,0.14,0.11,0.08
57,"True.Tox",0.1,0.18,0.35,0.4,0.5
57,"True.Eff",0.35,0.35,0.37,0.39,0.39
57,"True.Utility",0.28,0.23,0.14,0.12,0.06
9,"True.Tox",0.1,0.18,0.35,0.4,0.5
9,"True.Eff",0.35,0.35,0.37,0.39,0.39
9,"True.Utility",0.28,0.23,0.14,0.12,0.06
85,"True.Tox",0.1,0.2,0.35,0.43,0.5
85,"True.Eff",0.1,0.36,0.37,0.4,0.41
85,"True.Utility",0.03,0.23,0.14,0.11,0.08
273,"True.Tox",0.1,0.18,0.35,0.4,0.5
273,"True.Eff",0.35,0.35,0.37,0.39,0.39
273,"True.Utility",0.28,0.23,0.14,0.12,0.06
41,"True.Tox",0.1,0.18,0.35,0.4,0.5
41,"True.Eff",0.35,0.35,0.37,0.39,0.39
41,"True.Utility",0.28,0.23,0.14,0.12,0.06
50,"True.Tox",0.05,0.15,0.25,0.35,0.5
50,"True.Eff",0.1,0.35,0.35,0.38,0.39
50,"True.Utility",0.07,0.25,0.18,0.15,0.06
77,"True.Tox",0.1,0.2,0.35,0.43,0.5
77,"True.Eff",0.1,0.36,0.37,0.4,0.41
77,"True.Utility",0.03,0.23,0.14,0.11,0.08
237,"True.Tox",0.1,0.2,0.35,0.43,0.5
237,"True.Eff",0.1,0.36,0.37,0.4,0.41
237,"True.Utility",0.03,0.23,0.14,0.11,0.08
17,"True.Tox",0.1,0.18,0.35,0.4,0.5
17,"True.Eff",0.35,0.35,0.37,0.39,0.39
17,"True.Utility",0.28,0.23,0.14,0.12,0.06
33,"True.Tox",0.1,0.18,0.35,0.4,0.5
33,"True.Eff",0.35,0.35,0.37,0.39,0.39
33,"True.Utility",0.28,0.23,0.14,0.12,0.06
65,"True.Tox",0.1,0.18,0.35,0.4,0.5
65,"True.Eff",0.35,0.35,0.37,0.39,0.39
65,"True.Utility",0.28,0.23,0.14,0.12,0.06
242,"True.Tox",0.05,0.15,0.25,0.35,0.5
242,"True.Eff",0.1,0.35,0.35,0.38,0.39
242,"True.Utility",0.07,0.25,0.18,0.15,0.06
93,"True.Tox",0.1,0.2,0.35,0.43,0.5
93,"True.Eff",0.1,0.36,0.37,0.4,0.41
93,"True.Utility",0.03,0.23,0.14,0.11,0.08
10,"True.Tox",0.05,0.15,0.25,0.35,0.5
10,"True.Eff",0.1,0.35,0.35,0.38,0.39
10,"True.Utility",0.07,0.25,0.18,0.15,0.06
246,"True.Tox",0.02,0.06,0.1,0.2,0.35
246,"True.Eff",0.05,0.1,0.15,0.35,0.37
246,"True.Utility",0.04,0.06,0.08,0.22,0.14
125,"True.Tox",0.1,0.2,0.35,0.43,0.5
125,"True.Eff",0.1,0.36,0.37,0.4,0.41
125,"True.Utility",0.03,0.23,0.14,0.11,0.08
18,"True.Tox",0.05,0.15,0.25,0.35,0.5
18,"True.Eff",0.1,0.35,0.35,0.38,0.39
18,"True.Utility",0.07,0.25,0.18,0.15,0.06
465,"True.Tox",0.1,0.18,0.35,0.4,0.5
465,"True.Eff",0.35,0.35,0.37,0.39,0.39
465,"True.Utility",0.28,0.23,0.14,0.12,0.06
66,"True.Tox",0.05,0.15,0.25,0.35,0.5
66,"True.Eff",0.1,0.35,0.35,0.38,0.39
66,"True.Utility",0.07,0.25,0.18,0.15,0.06
101,"True.Tox",0.1,0.2,0.35,0.43,0.5
101,"True.Eff",0.1,0.36,0.37,0.4,0.41
101,"True.Utility",0.03,0.23,0.14,0.11,0.08
26,"True.Tox",0.05,0.15,0.25,0.35,0.5
26,"True.Eff",0.1,0.35,0.35,0.38,0.39
26,"True.Utility",0.07,0.25,0.18,0.15,0.06
4,"True.Tox",0.01,0.03,0.05,0.12,0.22
4,"True.Eff",0.05,0.1,0.15,0.35,0.36
4,"True.Utility",0.04,0.08,0.12,0.27,0.21
42,"True.Tox",0.05,0.15,0.25,0.35,0.5
42,"True.Eff",0.1,0.35,0.35,0.38,0.39
42,"True.Utility",0.07,0.25,0.18,0.15,0.06
70,"True.Tox",0.02,0.06,0.1,0.2,0.35
70,"True.Eff",0.05,0.1,0.15,0.35,0.37
70,"True.Utility",0.04,0.06,0.08,0.22,0.14
2,"True.Tox",0.05,0.15,0.25,0.35,0.5
2,"True.Eff",0.1,0.35,0.35,0.38,0.39
2,"True.Utility",0.07,0.25,0.18,0.15,0.06
277,"True.Tox",0.1,0.2,0.35,0.43,0.5
277,"True.Eff",0.1,0.36,0.37,0.4,0.41
277,"True.Utility",0.03,0.23,0.14,0.11,0.08
62,"True.Tox",0.02,0.06,0.1,0.2,0.35
62,"True.Eff",0.05,0.1,0.15,0.35,0.37
62,"True.Utility",0.04,0.06,0.08,0.22,0.14
34,"True.Tox",0.05,0.15,0.25,0.35,0.5
34,"True.Eff",0.1,0.35,0.35,0.38,0.39
34,"True.Utility",0.07,0.25,0.18,0.15,0.06
60,"True.Tox",0.01,0.03,0.05,0.12,0.22
60,"True.Eff",0.05,0.1,0.15,0.35,0.36
60,"True.Utility",0.04,0.08,0.12,0.27,0.21
28,"True.Tox",0.01,0.03,0.05,0.12,0.22
28,"True.Eff",0.05,0.1,0.15,0.35,0.36
28,"True.Utility",0.04,0.08,0.12,0.27,0.21
54,"True.Tox",0.02,0.06,0.1,0.2,0.35
54,"True.Eff",0.05,0.1,0.15,0.35,0.37
54,"True.Utility",0.04,0.06,0.08,0.22,0.14
21,"True.Tox",0.1,0.2,0.35,0.43,0.5
21,"True.Eff",0.1,0.36,0.37,0.4,0.41
21,"True.Utility",0.03,0.23,0.14,0.11,0.08
46,"True.Tox",0.02,0.06,0.1,0.2,0.35
46,"True.Eff",0.05,0.1,0.15,0.35,0.37
46,"True.Utility",0.04,0.06,0.08,0.22,0.14
6,"True.Tox",0.02,0.06,0.1,0.2,0.35
6,"True.Eff",0.05,0.1,0.15,0.35,0.37
6,"True.Utility",0.04,0.06,0.08,0.22,0.14
353,"True.Tox",0.1,0.18,0.35,0.4,0.5
353,"True.Eff",0.35,0.35,0.37,0.39,0.39
353,"True.Utility",0.28,0.23,0.14,0.12,0.06
282,"True.Tox",0.05,0.15,0.25,0.35,0.5
282,"True.Eff",0.1,0.35,0.35,0.38,0.39
282,"True.Utility",0.07,0.25,0.18,0.15,0.06
258,"True.Tox",0.05,0.15,0.25,0.35,0.5
258,"True.Eff",0.1,0.35,0.35,0.38,0.39
258,"True.Utility",0.07,0.25,0.18,0.15,0.06
22,"True.Tox",0.02,0.06,0.1,0.2,0.35
22,"True.Eff",0.05,0.1,0.15,0.35,0.37
22,"True.Utility",0.04,0.06,0.08,0.22,0.14
68,"True.Tox",0.01,0.03,0.05,0.12,0.22
68,"True.Eff",0.05,0.1,0.15,0.35,0.36
68,"True.Utility",0.04,0.08,0.12,0.27,0.21
14,"True.Tox",0.02,0.06,0.1,0.2,0.35
14,"True.Eff",0.05,0.1,0.15,0.35,0.37
14,"True.Utility",0.04,0.06,0.08,0.22,0.14
44,"True.Tox",0.01,0.03,0.05,0.12,0.22
44,"True.Eff",0.05,0.1,0.15,0.35,0.36
44,"True.Utility",0.04,0.08,0.12,0.27,0.21
52,"True.Tox",0.01,0.03,0.05,0.12,0.22
52,"True.Eff",0.05,0.1,0.15,0.35,0.36
52,"True.Utility",0.04,0.08,0.12,0.27,0.21
437,"True.Tox",0.1,0.2,0.35,0.43,0.5
437,"True.Eff",0.1,0.36,0.37,0.4,0.41
437,"True.Utility",0.03,0.23,0.14,0.11,0.08
445,"True.Tox",0.1,0.2,0.35,0.43,0.5
445,"True.Eff",0.1,0.36,0.37,0.4,0.41
445,"True.Utility",0.03,0.23,0.14,0.11,0.08
38,"True.Tox",0.02,0.06,0.1,0.2,0.35
38,"True.Eff",0.05,0.1,0.15,0.35,0.37
38,"True.Utility",0.04,0.06,0.08,0.22,0.14
286,"True.Tox",0.02,0.06,0.1,0.2,0.35
286,"True.Eff",0.05,0.1,0.15,0.35,0.37
286,"True.Utility",0.04,0.06,0.08,0.22,0.14
36,"True.Tox",0.01,0.03,0.05,0.12,0.22
36,"True.Eff",0.05,0.1,0.15,0.35,0.36
36,"True.Utility",0.04,0.08,0.12,0.27,0.21
270,"True.Tox",0.02,0.06,0.1,0.2,0.35
270,"True.Eff",0.05,0.1,0.15,0.35,0.37
270,"True.Utility",0.04,0.06,0.08,0.22,0.14
284,"True.Tox",0.01,0.03,0.05,0.12,0.22
284,"True.Eff",0.05,0.1,0.15,0.35,0.36
284,"True.Utility",0.04,0.08,0.12,0.27,0.21
321,"True.Tox",0.1,0.18,0.35,0.4,0.5
321,"True.Eff",0.35,0.35,0.37,0.39,0.39
321,"True.Utility",0.28,0.23,0.14,0.12,0.06
354,"True.Tox",0.05,0.15,0.25,0.35,0.5
354,"True.Eff",0.1,0.35,0.35,0.38,0.39
354,"True.Utility",0.07,0.25,0.18,0.15,0.06
493,"True.Tox",0.1,0.2,0.35,0.43,0.5
493,"True.Eff",0.1,0.36,0.37,0.4,0.41
493,"True.Utility",0.03,0.23,0.14,0.11,0.08
485,"True.Tox",0.1,0.2,0.35,0.43,0.5
485,"True.Eff",0.1,0.36,0.37,0.4,0.41
485,"True.Utility",0.03,0.23,0.14,0.11,0.08
309,"True.Tox",0.1,0.2,0.35,0.43,0.5
309,"True.Eff",0.1,0.36,0.37,0.4,0.41
309,"True.Utility",0.03,0.23,0.14,0.11,0.08
477,"True.Tox",0.1,0.2,0.35,0.43,0.5
477,"True.Eff",0.1,0.36,0.37,0.4,0.41
477,"True.Utility",0.03,0.23,0.14,0.11,0.08
301,"True.Tox",0.1,0.2,0.35,0.43,0.5
301,"True.Eff",0.1,0.36,0.37,0.4,0.41
301,"True.Utility",0.03,0.23,0.14,0.11,0.08
313,"True.Tox",0.1,0.18,0.35,0.4,0.5
313,"True.Eff",0.35,0.35,0.37,0.39,0.39
313,"True.Utility",0.28,0.23,0.14,0.12,0.06
466,"True.Tox",0.05,0.15,0.25,0.35,0.5
466,"True.Eff",0.1,0.35,0.35,0.38,0.39
466,"True.Utility",0.07,0.25,0.18,0.15,0.06
141,"True.Tox",0.1,0.2,0.35,0.43,0.5
141,"True.Eff",0.1,0.36,0.37,0.4,0.41
141,"True.Utility",0.03,0.23,0.14,0.11,0.08
573,"True.Tox",0.1,0.2,0.35,0.43,0.5
573,"True.Eff",0.1,0.36,0.37,0.4,0.41
573,"True.Utility",0.03,0.23,0.14,0.11,0.08
322,"True.Tox",0.05,0.15,0.25,0.35,0.5
322,"True.Eff",0.1,0.35,0.35,0.38,0.39
322,"True.Utility",0.07,0.25,0.18,0.15,0.06
317,"True.Tox",0.1,0.2,0.35,0.43,0.5
317,"True.Eff",0.1,0.36,0.37,0.4,0.41
317,"True.Utility",0.03,0.23,0.14,0.11,0.08
481,"True.Tox",0.1,0.18,0.35,0.4,0.5
481,"True.Eff",0.35,0.35,0.37,0.39,0.39
481,"True.Utility",0.28,0.23,0.14,0.12,0.06
525,"True.Tox",0.1,0.2,0.35,0.43,0.5
525,"True.Eff",0.1,0.36,0.37,0.4,0.41
525,"True.Utility",0.03,0.23,0.14,0.11,0.08
468,"True.Tox",0.01,0.03,0.05,0.12,0.22
468,"True.Eff",0.05,0.1,0.15,0.35,0.36
468,"True.Utility",0.04,0.08,0.12,0.27,0.21
501,"True.Tox",0.1,0.2,0.35,0.43,0.5
501,"True.Eff",0.1,0.36,0.37,0.4,0.41
501,"True.Utility",0.03,0.23,0.14,0.11,0.08
434,"True.Tox",0.05,0.15,0.25,0.35,0.5
434,"True.Eff",0.1,0.35,0.35,0.38,0.39
434,"True.Utility",0.07,0.25,0.18,0.15,0.06
436,"True.Tox",0.01,0.03,0.05,0.12,0.22
436,"True.Eff",0.05,0.1,0.15,0.35,0.36
436,"True.Utility",0.04,0.08,0.12,0.27,0.21
453,"True.Tox",0.1,0.2,0.35,0.43,0.5
453,"True.Eff",0.1,0.36,0.37,0.4,0.41
453,"True.Utility",0.03,0.23,0.14,0.11,0.08
19,"True.Tox",0.02,0.06,0.1,0.2,0.35
19,"True.Eff",0.05,0.1,0.35,0.35,0.4
19,"True.Utility",0.04,0.06,0.28,0.22,0.17
268,"True.Tox",0.01,0.03,0.05,0.12,0.22
268,"True.Eff",0.05,0.1,0.15,0.35,0.36
268,"True.Utility",0.04,0.08,0.12,0.27,0.21
266,"True.Tox",0.05,0.15,0.25,0.35,0.5
266,"True.Eff",0.1,0.35,0.35,0.38,0.39
266,"True.Utility",0.07,0.25,0.18,0.15,0.06
51,"True.Tox",0.02,0.06,0.1,0.2,0.35
51,"True.Eff",0.05,0.1,0.35,0.35,0.4
51,"True.Utility",0.04,0.06,0.28,0.22,0.17
157,"True.Tox",0.1,0.2,0.35,0.43,0.5
157,"True.Eff",0.1,0.36,0.37,0.4,0.41
157,"True.Utility",0.03,0.23,0.14,0.11,0.08
478,"True.Tox",0.02,0.06,0.1,0.2,0.35
478,"True.Eff",0.05,0.1,0.15,0.35,0.37
478,"True.Utility",0.04,0.06,0.08,0.22,0.14
461,"True.Tox",0.1,0.2,0.35,0.43,0.5
461,"True.Eff",0.1,0.36,0.37,0.4,0.41
461,"True.Utility",0.03,0.23,0.14,0.11,0.08
243,"True.Tox",0.02,0.06,0.1,0.2,0.35
243,"True.Eff",0.05,0.1,0.35,0.35,0.4
243,"True.Utility",0.04,0.06,0.28,0.22,0.17
489,"True.Tox",0.1,0.18,0.35,0.4,0.5
489,"True.Eff",0.35,0.35,0.37,0.39,0.39
489,"True.Utility",0.28,0.23,0.14,0.12,0.06
433,"True.Tox",0.1,0.18,0.35,0.4,0.5
433,"True.Eff",0.35,0.35,0.37,0.39,0.39
433,"True.Utility",0.28,0.23,0.14,0.12,0.06
27,"True.Tox",0.02,0.06,0.1,0.2,0.35
27,"True.Eff",0.05,0.1,0.35,0.35,0.4
27,"True.Utility",0.04,0.06,0.28,0.22,0.17
105,"True.Tox",0.1,0.18,0.35,0.4,0.5
105,"True.Eff",0.35,0.35,0.37,0.39,0.39
105,"True.Utility",0.28,0.23,0.14,0.12,0.06
565,"True.Tox",0.1,0.2,0.35,0.43,0.5
565,"True.Eff",0.1,0.36,0.37,0.4,0.41
565,"True.Utility",0.03,0.23,0.14,0.11,0.08
357,"True.Tox",0.1,0.2,0.35,0.43,0.5
357,"True.Eff",0.1,0.36,0.37,0.4,0.41
357,"True.Utility",0.03,0.23,0.14,0.11,0.08
469,"True.Tox",0.1,0.2,0.35,0.43,0.5
469,"True.Eff",0.1,0.36,0.37,0.4,0.41
469,"True.Utility",0.03,0.23,0.14,0.11,0.08
3,"True.Tox",0.02,0.06,0.1,0.2,0.35
3,"True.Eff",0.05,0.1,0.35,0.35,0.4
3,"True.Utility",0.04,0.06,0.28,0.22,0.17
81,"True.Tox",0.1,0.18,0.35,0.4,0.5
81,"True.Eff",0.35,0.35,0.37,0.39,0.39
81,"True.Utility",0.28,0.23,0.14,0.12,0.06
405,"True.Tox",0.1,0.2,0.35,0.43,0.5
405,"True.Eff",0.1,0.36,0.37,0.4,0.41
405,"True.Utility",0.03,0.23,0.14,0.11,0.08
189,"True.Tox",0.1,0.2,0.35,0.43,0.5
189,"True.Eff",0.1,0.36,0.37,0.4,0.41
189,"True.Utility",0.03,0.23,0.14,0.11,0.08
205,"True.Tox",0.1,0.2,0.35,0.43,0.5
205,"True.Eff",0.1,0.36,0.37,0.4,0.41
205,"True.Utility",0.03,0.23,0.14,0.11,0.08
221,"True.Tox",0.1,0.2,0.35,0.43,0.5
221,"True.Eff",0.1,0.36,0.37,0.4,0.41
221,"True.Utility",0.03,0.23,0.14,0.11,0.08
227,"True.Tox",0.02,0.06,0.1,0.2,0.35
227,"True.Eff",0.05,0.1,0.35,0.35,0.4
227,"True.Utility",0.04,0.06,0.28,0.22,0.17
482,"True.Tox",0.05,0.15,0.25,0.35,0.5
482,"True.Eff",0.1,0.35,0.35,0.38,0.39
482,"True.Utility",0.07,0.25,0.18,0.15,0.06
173,"True.Tox",0.1,0.2,0.35,0.43,0.5
173,"True.Eff",0.1,0.36,0.37,0.4,0.41
173,"True.Utility",0.03,0.23,0.14,0.11,0.08
253,"True.Tox",0.1,0.2,0.35,0.43,0.5
253,"True.Eff",0.1,0.36,0.37,0.4,0.41
253,"True.Utility",0.03,0.23,0.14,0.11,0.08
265,"True.Tox",0.1,0.18,0.35,0.4,0.5
265,"True.Eff",0.35,0.35,0.37,0.39,0.39
265,"True.Utility",0.28,0.23,0.14,0.12,0.06
25,"True.Tox",0.1,0.18,0.35,0.4,0.5
25,"True.Eff",0.35,0.35,0.37,0.39,0.39
25,"True.Utility",0.28,0.23,0.14,0.12,0.06
314,"True.Tox",0.05,0.15,0.25,0.35,0.5
314,"True.Eff",0.1,0.35,0.35,0.38,0.39
314,"True.Utility",0.07,0.25,0.18,0.15,0.06
274,"True.Tox",0.05,0.15,0.25,0.35,0.5
274,"True.Eff",0.1,0.35,0.35,0.38,0.39
274,"True.Utility",0.07,0.25,0.18,0.15,0.06
244,"True.Tox",0.01,0.03,0.05,0.12,0.22
244,"True.Eff",0.05,0.1,0.15,0.35,0.36
244,"True.Utility",0.04,0.08,0.12,0.27,0.21
213,"True.Tox",0.1,0.2,0.35,0.43,0.5
213,"True.Eff",0.1,0.36,0.37,0.4,0.41
213,"True.Utility",0.03,0.23,0.14,0.11,0.08
236,"True.Tox",0.01,0.03,0.05,0.12,0.22
236,"True.Eff",0.05,0.1,0.15,0.35,0.36
236,"True.Utility",0.04,0.08,0.12,0.27,0.21
43,"True.Tox",0.02,0.06,0.1,0.2,0.35
43,"True.Eff",0.05,0.1,0.35,0.35,0.4
43,"True.Utility",0.04,0.06,0.28,0.22,0.17
297,"True.Tox",0.1,0.18,0.35,0.4,0.5
297,"True.Eff",0.35,0.35,0.37,0.39,0.39
297,"True.Utility",0.28,0.23,0.14,0.12,0.06
346,"True.Tox",0.05,0.15,0.25,0.35,0.5
346,"True.Eff",0.1,0.35,0.35,0.38,0.39
346,"True.Utility",0.07,0.25,0.18,0.15,0.06
97,"True.Tox",0.1,0.18,0.35,0.4,0.5
97,"True.Eff",0.35,0.35,0.37,0.39,0.39
97,"True.Utility",0.28,0.23,0.14,0.12,0.06
67,"True.Tox",0.02,0.06,0.1,0.2,0.35
67,"True.Eff",0.05,0.1,0.35,0.35,0.4
67,"True.Utility",0.04,0.06,0.28,0.22,0.17
30,"True.Tox",0.02,0.06,0.1,0.2,0.35
30,"True.Eff",0.05,0.1,0.15,0.35,0.37
30,"True.Utility",0.04,0.06,0.08,0.22,0.14
181,"True.Tox",0.1,0.2,0.35,0.43,0.5
181,"True.Eff",0.1,0.36,0.37,0.4,0.41
181,"True.Utility",0.03,0.23,0.14,0.11,0.08
13,"True.Tox",0.1,0.2,0.35,0.43,0.5
13,"True.Eff",0.1,0.36,0.37,0.4,0.41
13,"True.Utility",0.03,0.23,0.14,0.11,0.08
11,"True.Tox",0.02,0.06,0.1,0.2,0.35
11,"True.Eff",0.05,0.1,0.35,0.35,0.4
11,"True.Utility",0.04,0.06,0.28,0.22,0.17
49,"True.Tox",0.1,0.18,0.35,0.4,0.5
49,"True.Eff",0.35,0.35,0.37,0.39,0.39
49,"True.Utility",0.28,0.23,0.14,0.12,0.06
137,"True.Tox",0.1,0.18,0.35,0.4,0.5
137,"True.Eff",0.35,0.35,0.37,0.39,0.39
137,"True.Utility",0.28,0.23,0.14,0.12,0.06
260,"True.Tox",0.01,0.03,0.05,0.12,0.22
260,"True.Eff",0.05,0.1,0.15,0.35,0.36
260,"True.Utility",0.04,0.08,0.12,0.27,0.21
442,"True.Tox",0.05,0.15,0.25,0.35,0.5
442,"True.Eff",0.1,0.35,0.35,0.38,0.39
442,"True.Utility",0.07,0.25,0.18,0.15,0.06
441,"True.Tox",0.1,0.18,0.35,0.4,0.5
441,"True.Eff",0.35,0.35,0.37,0.39,0.39
441,"True.Utility",0.28,0.23,0.14,0.12,0.06
238,"True.Tox",0.02,0.06,0.1,0.2,0.35
238,"True.Eff",0.05,0.1,0.15,0.35,0.37
238,"True.Utility",0.04,0.06,0.08,0.22,0.14
165,"True.Tox",0.1,0.2,0.35,0.43,0.5
165,"True.Eff",0.1,0.36,0.37,0.4,0.41
165,"True.Utility",0.03,0.23,0.14,0.11,0.08
121,"True.Tox",0.1,0.18,0.35,0.4,0.5
121,"True.Eff",0.35,0.35,0.37,0.39,0.39
121,"True.Utility",0.28,0.23,0.14,0.12,0.06
197,"True.Tox",0.1,0.2,0.35,0.43,0.5
197,"True.Eff",0.1,0.36,0.37,0.4,0.41
197,"True.Utility",0.03,0.23,0.14,0.11,0.08
73,"True.Tox",0.1,0.18,0.35,0.4,0.5
73,"True.Eff",0.35,0.35,0.37,0.39,0.39
73,"True.Utility",0.28,0.23,0.14,0.12,0.06
397,"True.Tox",0.1,0.2,0.35,0.43,0.5
397,"True.Eff",0.1,0.36,0.37,0.4,0.41
397,"True.Utility",0.03,0.23,0.14,0.11,0.08
341,"True.Tox",0.1,0.2,0.35,0.43,0.5
341,"True.Eff",0.1,0.36,0.37,0.4,0.41
341,"True.Utility",0.03,0.23,0.14,0.11,0.08
557,"True.Tox",0.1,0.2,0.35,0.43,0.5
557,"True.Eff",0.1,0.36,0.37,0.4,0.41
557,"True.Utility",0.03,0.23,0.14,0.11,0.08
58,"True.Tox",0.05,0.15,0.25,0.35,0.5
58,"True.Eff",0.1,0.35,0.35,0.38,0.39
58,"True.Utility",0.07,0.25,0.18,0.15,0.06
333,"True.Tox",0.1,0.2,0.35,0.43,0.5
333,"True.Eff",0.1,0.36,0.37,0.4,0.41
333,"True.Utility",0.03,0.23,0.14,0.11,0.08
35,"True.Tox",0.02,0.06,0.1,0.2,0.35
35,"True.Eff",0.05,0.1,0.35,0.35,0.4
35,"True.Utility",0.04,0.06,0.28,0.22,0.17
517,"True.Tox",0.1,0.2,0.35,0.43,0.5
517,"True.Eff",0.1,0.36,0.37,0.4,0.41
517,"True.Utility",0.03,0.23,0.14,0.11,0.08
113,"True.Tox",0.1,0.18,0.35,0.4,0.5
113,"True.Eff",0.35,0.35,0.37,0.39,0.39
113,"True.Utility",0.28,0.23,0.14,0.12,0.06
233,"True.Tox",0.1,0.18,0.35,0.4,0.5
233,"True.Eff",0.35,0.35,0.37,0.39,0.39
233,"True.Utility",0.28,0.23,0.14,0.12,0.06
457,"True.Tox",0.1,0.18,0.35,0.4,0.5
457,"True.Eff",0.35,0.35,0.37,0.39,0.39
457,"True.Utility",0.28,0.23,0.14,0.12,0.06
490,"True.Tox",0.05,0.15,0.25,0.35,0.5
490,"True.Eff",0.1,0.35,0.35,0.38,0.39
490,"True.Utility",0.07,0.25,0.18,0.15,0.06
89,"True.Tox",0.1,0.18,0.35,0.4,0.5
89,"True.Eff",0.35,0.35,0.37,0.39,0.39
89,"True.Utility",0.28,0.23,0.14,0.12,0.06
605,"True.Tox",0.1,0.2,0.35,0.43,0.5
605,"True.Eff",0.1,0.36,0.37,0.4,0.41
605,"True.Utility",0.03,0.23,0.14,0.11,0.08
257,"True.Tox",0.1,0.18,0.35,0.4,0.5
257,"True.Eff",0.35,0.35,0.37,0.39,0.39
257,"True.Utility",0.28,0.23,0.14,0.12,0.06
589,"True.Tox",0.1,0.2,0.35,0.43,0.5
589,"True.Eff",0.1,0.36,0.37,0.4,0.41
589,"True.Utility",0.03,0.23,0.14,0.11,0.08
259,"True.Tox",0.02,0.06,0.1,0.2,0.35
259,"True.Eff",0.05,0.1,0.35,0.35,0.4
259,"True.Utility",0.04,0.06,0.28,0.22,0.17
293,"True.Tox",0.1,0.2,0.35,0.43,0.5
293,"True.Eff",0.1,0.36,0.37,0.4,0.41
293,"True.Utility",0.03,0.23,0.14,0.11,0.08
281,"True.Tox",0.1,0.18,0.35,0.4,0.5
281,"True.Eff",0.35,0.35,0.37,0.39,0.39
281,"True.Utility",0.28,0.23,0.14,0.12,0.06
316,"True.Tox",0.01,0.03,0.05,0.12,0.22
316,"True.Eff",0.05,0.1,0.15,0.35,0.36
316,"True.Utility",0.04,0.08,0.12,0.27,0.21
597,"True.Tox",0.1,0.2,0.35,0.43,0.5
597,"True.Eff",0.1,0.36,0.37,0.4,0.41
597,"True.Utility",0.03,0.23,0.14,0.11,0.08
40,"True.Tox",0.01,0.05,0.15,0.18,0.35
40,"True.Eff",0.05,0.35,0.36,0.37,0.38
40,"True.Utility",0.04,0.32,0.26,0.25,0.15
56,"True.Tox",0.01,0.05,0.15,0.18,0.35
56,"True.Eff",0.05,0.35,0.36,0.37,0.38
56,"True.Utility",0.04,0.32,0.26,0.25,0.15
449,"True.Tox",0.1,0.18,0.35,0.4,0.5
449,"True.Eff",0.35,0.35,0.37,0.39,0.39
449,"True.Utility",0.28,0.23,0.14,0.12,0.06
256,"True.Tox",0.01,0.05,0.15,0.18,0.35
256,"True.Eff",0.05,0.35,0.36,0.37,0.38
256,"True.Utility",0.04,0.32,0.26,0.25,0.15
435,"True.Tox",0.02,0.06,0.1,0.2,0.35
435,"True.Eff",0.05,0.1,0.35,0.35,0.4
435,"True.Utility",0.04,0.06,0.28,0.22,0.17
473,"True.Tox",0.1,0.18,0.35,0.4,0.5
473,"True.Eff",0.35,0.35,0.37,0.39,0.39
473,"True.Utility",0.28,0.23,0.14,0.12,0.06
234,"True.Tox",0.05,0.15,0.25,0.35,0.5
234,"True.Eff",0.1,0.35,0.35,0.38,0.39
234,"True.Utility",0.07,0.25,0.18,0.15,0.06
8,"True.Tox",0.01,0.05,0.15,0.18,0.35
8,"True.Eff",0.05,0.35,0.36,0.37,0.38
8,"True.Utility",0.04,0.32,0.26,0.25,0.15
276,"True.Tox",0.01,0.03,0.05,0.12,0.22
276,"True.Eff",0.05,0.1,0.15,0.35,0.36
276,"True.Utility",0.04,0.08,0.12,0.27,0.21
494,"True.Tox",0.02,0.06,0.1,0.2,0.35
494,"True.Eff",0.05,0.1,0.15,0.35,0.37
494,"True.Utility",0.04,0.06,0.08,0.22,0.14
82,"True.Tox",0.05,0.15,0.25,0.35,0.5
82,"True.Eff",0.1,0.35,0.35,0.38,0.39
82,"True.Utility",0.07,0.25,0.18,0.15,0.06
16,"True.Tox",0.01,0.05,0.15,0.18,0.35
16,"True.Eff",0.05,0.35,0.36,0.37,0.38
16,"True.Utility",0.04,0.32,0.26,0.25,0.15
130,"True.Tox",0.05,0.15,0.25,0.35,0.5
130,"True.Eff",0.1,0.35,0.35,0.38,0.39
130,"True.Utility",0.07,0.25,0.18,0.15,0.06
438,"True.Tox",0.02,0.06,0.1,0.2,0.35
438,"True.Eff",0.05,0.1,0.15,0.35,0.37
438,"True.Utility",0.04,0.06,0.08,0.22,0.14
117,"True.Tox",0.1,0.2,0.35,0.43,0.5
117,"True.Eff",0.1,0.36,0.37,0.4,0.41
117,"True.Utility",0.03,0.23,0.14,0.11,0.08
541,"True.Tox",0.1,0.2,0.35,0.43,0.5
541,"True.Eff",0.1,0.36,0.37,0.4,0.41
541,"True.Utility",0.03,0.23,0.14,0.11,0.08
114,"True.Tox",0.05,0.15,0.25,0.35,0.5
114,"True.Eff",0.1,0.35,0.35,0.38,0.39
114,"True.Utility",0.07,0.25,0.18,0.15,0.06
458,"True.Tox",0.05,0.15,0.25,0.35,0.5
458,"True.Eff",0.1,0.35,0.35,0.38,0.39
458,"True.Utility",0.07,0.25,0.18,0.15,0.06
450,"True.Tox",0.05,0.15,0.25,0.35,0.5
450,"True.Eff",0.1,0.35,0.35,0.38,0.39
450,"True.Utility",0.07,0.25,0.18,0.15,0.06
64,"True.Tox",0.01,0.05,0.15,0.18,0.35
64,"True.Eff",0.05,0.35,0.36,0.37,0.38
64,"True.Utility",0.04,0.32,0.26,0.25,0.15
32,"True.Tox",0.01,0.05,0.15,0.18,0.35
32,"True.Eff",0.05,0.35,0.36,0.37,0.38
32,"True.Utility",0.04,0.32,0.26,0.25,0.15
230,"True.Tox",0.02,0.06,0.1,0.2,0.35
230,"True.Eff",0.05,0.1,0.15,0.35,0.37
230,"True.Utility",0.04,0.06,0.08,0.22,0.14
467,"True.Tox",0.02,0.06,0.1,0.2,0.35
467,"True.Eff",0.05,0.1,0.35,0.35,0.4
467,"True.Utility",0.04,0.06,0.28,0.22,0.17
474,"True.Tox",0.05,0.15,0.25,0.35,0.5
474,"True.Eff",0.1,0.35,0.35,0.38,0.39
474,"True.Utility",0.07,0.25,0.18,0.15,0.06
492,"True.Tox",0.01,0.03,0.05,0.12,0.22
492,"True.Eff",0.05,0.1,0.15,0.35,0.36
492,"True.Utility",0.04,0.08,0.12,0.27,0.21
484,"True.Tox",0.01,0.03,0.05,0.12,0.22
484,"True.Eff",0.05,0.1,0.15,0.35,0.36
484,"True.Utility",0.04,0.08,0.12,0.27,0.21
421,"True.Tox",0.1,0.2,0.35,0.43,0.5
421,"True.Eff",0.1,0.36,0.37,0.4,0.41
421,"True.Utility",0.03,0.23,0.14,0.11,0.08
225,"True.Tox",0.1,0.18,0.35,0.4,0.5
225,"True.Eff",0.35,0.35,0.37,0.39,0.39
225,"True.Utility",0.28,0.23,0.14,0.12,0.06
217,"True.Tox",0.1,0.18,0.35,0.4,0.5
217,"True.Eff",0.35,0.35,0.37,0.39,0.39
217,"True.Utility",0.28,0.23,0.14,0.12,0.06
486,"True.Tox",0.02,0.06,0.1,0.2,0.35
486,"True.Eff",0.05,0.1,0.15,0.35,0.37
486,"True.Utility",0.04,0.06,0.08,0.22,0.14
476,"True.Tox",0.01,0.03,0.05,0.12,0.22
476,"True.Eff",0.05,0.1,0.15,0.35,0.36
476,"True.Utility",0.04,0.08,0.12,0.27,0.21
509,"True.Tox",0.1,0.2,0.35,0.43,0.5
509,"True.Eff",0.1,0.36,0.37,0.4,0.41
509,"True.Utility",0.03,0.23,0.14,0.11,0.08
325,"True.Tox",0.1,0.2,0.35,0.43,0.5
325,"True.Eff",0.1,0.36,0.37,0.4,0.41
325,"True.Utility",0.03,0.23,0.14,0.11,0.08
444,"True.Tox",0.01,0.03,0.05,0.12,0.22
444,"True.Eff",0.05,0.1,0.15,0.35,0.36
444,"True.Utility",0.04,0.08,0.12,0.27,0.21
460,"True.Tox",0.01,0.03,0.05,0.12,0.22
460,"True.Eff",0.05,0.1,0.15,0.35,0.36
460,"True.Utility",0.04,0.08,0.12,0.27,0.21
452,"True.Tox",0.01,0.03,0.05,0.12,0.22
452,"True.Eff",0.05,0.1,0.15,0.35,0.36
452,"True.Utility",0.04,0.08,0.12,0.27,0.21
454,"True.Tox",0.02,0.06,0.1,0.2,0.35
454,"True.Eff",0.05,0.1,0.15,0.35,0.37
454,"True.Utility",0.04,0.06,0.08,0.22,0.14
381,"True.Tox",0.1,0.2,0.35,0.43,0.5
381,"True.Eff",0.1,0.36,0.37,0.4,0.41
381,"True.Utility",0.03,0.23,0.14,0.11,0.08
378,"True.Tox",0.05,0.15,0.25,0.35,0.5
378,"True.Eff",0.1,0.35,0.35,0.38,0.39
378,"True.Utility",0.07,0.25,0.18,0.15,0.06
480,"True.Tox",0.01,0.05,0.15,0.18,0.35
480,"True.Eff",0.05,0.35,0.36,0.37,0.38
480,"True.Utility",0.04,0.32,0.26,0.25,0.15
446,"True.Tox",0.02,0.06,0.1,0.2,0.35
446,"True.Eff",0.05,0.1,0.15,0.35,0.37
446,"True.Utility",0.04,0.06,0.08,0.22,0.14
389,"True.Tox",0.1,0.2,0.35,0.43,0.5
389,"True.Eff",0.1,0.36,0.37,0.4,0.41
389,"True.Utility",0.03,0.23,0.14,0.11,0.08
581,"True.Tox",0.1,0.2,0.35,0.43,0.5
581,"True.Eff",0.1,0.36,0.37,0.4,0.41
581,"True.Utility",0.03,0.23,0.14,0.11,0.08
470,"True.Tox",0.02,0.06,0.1,0.2,0.35
470,"True.Eff",0.05,0.1,0.15,0.35,0.37
470,"True.Utility",0.04,0.06,0.08,0.22,0.14
637,"True.Tox",0.1,0.2,0.35,0.43,0.5
637,"True.Eff",0.1,0.36,0.37,0.4,0.41
637,"True.Utility",0.03,0.23,0.14,0.11,0.08
629,"True.Tox",0.1,0.2,0.35,0.43,0.5
629,"True.Eff",0.1,0.36,0.37,0.4,0.41
629,"True.Utility",0.03,0.23,0.14,0.11,0.08
645,"True.Tox",0.1,0.2,0.35,0.43,0.5
645,"True.Eff",0.1,0.36,0.37,0.4,0.41
645,"True.Utility",0.03,0.23,0.14,0.11,0.08
310,"True.Tox",0.02,0.06,0.1,0.2,0.35
310,"True.Eff",0.05,0.1,0.15,0.35,0.37
310,"True.Utility",0.04,0.06,0.08,0.22,0.14
308,"True.Tox",0.01,0.03,0.05,0.12,0.22
308,"True.Eff",0.05,0.1,0.15,0.35,0.36
308,"True.Utility",0.04,0.08,0.12,0.27,0.21
275,"True.Tox",0.02,0.06,0.1,0.2,0.35
275,"True.Eff",0.05,0.1,0.35,0.35,0.4
275,"True.Utility",0.04,0.06,0.28,0.22,0.17
252,"True.Tox",0.01,0.03,0.05,0.12,0.22
252,"True.Eff",0.05,0.1,0.15,0.35,0.36
252,"True.Utility",0.04,0.08,0.12,0.27,0.21
250,"True.Tox",0.05,0.15,0.25,0.35,0.5
250,"True.Eff",0.1,0.35,0.35,0.38,0.39
250,"True.Utility",0.07,0.25,0.18,0.15,0.06
254,"True.Tox",0.02,0.06,0.1,0.2,0.35
254,"True.Eff",0.05,0.1,0.15,0.35,0.37
254,"True.Utility",0.04,0.06,0.08,0.22,0.14
373,"True.Tox",0.1,0.2,0.35,0.43,0.5
373,"True.Eff",0.1,0.36,0.37,0.4,0.41
373,"True.Utility",0.03,0.23,0.14,0.11,0.08
369,"True.Tox",0.1,0.18,0.35,0.4,0.5
369,"True.Eff",0.35,0.35,0.37,0.39,0.39
369,"True.Utility",0.28,0.23,0.14,0.12,0.06
305,"True.Tox",0.1,0.18,0.35,0.4,0.5
305,"True.Eff",0.35,0.35,0.37,0.39,0.39
305,"True.Utility",0.28,0.23,0.14,0.12,0.06
306,"True.Tox",0.05,0.15,0.25,0.35,0.5
306,"True.Eff",0.1,0.35,0.35,0.38,0.39
306,"True.Utility",0.07,0.25,0.18,0.15,0.06
248,"True.Tox",0.01,0.05,0.15,0.18,0.35
248,"True.Eff",0.05,0.35,0.36,0.37,0.38
248,"True.Utility",0.04,0.32,0.26,0.25,0.15
502,"True.Tox",0.02,0.06,0.1,0.2,0.35
502,"True.Eff",0.05,0.1,0.15,0.35,0.37
502,"True.Utility",0.04,0.06,0.08,0.22,0.14
500,"True.Tox",0.01,0.03,0.05,0.12,0.22
500,"True.Eff",0.05,0.1,0.15,0.35,0.36
500,"True.Utility",0.04,0.08,0.12,0.27,0.21
201,"True.Tox",0.1,0.18,0.35,0.4,0.5
201,"True.Eff",0.35,0.35,0.37,0.39,0.39
201,"True.Utility",0.28,0.23,0.14,0.12,0.06
513,"True.Tox",0.1,0.18,0.35,0.4,0.5
513,"True.Eff",0.35,0.35,0.37,0.39,0.39
513,"True.Utility",0.28,0.23,0.14,0.12,0.06
514,"True.Tox",0.05,0.15,0.25,0.35,0.5
514,"True.Eff",0.1,0.35,0.35,0.38,0.39
514,"True.Utility",0.07,0.25,0.18,0.15,0.06
613,"True.Tox",0.1,0.2,0.35,0.43,0.5
613,"True.Eff",0.1,0.36,0.37,0.4,0.41
613,"True.Utility",0.03,0.23,0.14,0.11,0.08
621,"True.Tox",0.1,0.2,0.35,0.43,0.5
621,"True.Eff",0.1,0.36,0.37,0.4,0.41
621,"True.Utility",0.03,0.23,0.14,0.11,0.08
348,"True.Tox",0.01,0.03,0.05,0.12,0.22
348,"True.Eff",0.05,0.1,0.15,0.35,0.36
348,"True.Utility",0.04,0.08,0.12,0.27,0.21
347,"True.Tox",0.02,0.06,0.1,0.2,0.35
347,"True.Eff",0.05,0.1,0.35,0.35,0.4
347,"True.Utility",0.04,0.06,0.28,0.22,0.17
462,"True.Tox",0.02,0.06,0.1,0.2,0.35
462,"True.Eff",0.05,0.1,0.15,0.35,0.37
462,"True.Utility",0.04,0.06,0.08,0.22,0.14
491,"True.Tox",0.02,0.06,0.1,0.2,0.35
491,"True.Eff",0.05,0.1,0.35,0.35,0.4
491,"True.Utility",0.04,0.06,0.28,0.22,0.17
366,"True.Tox",0.02,0.06,0.1,0.2,0.35
366,"True.Eff",0.05,0.1,0.15,0.35,0.37
366,"True.Utility",0.04,0.06,0.08,0.22,0.14
98,"True.Tox",0.05,0.15,0.25,0.35,0.5
98,"True.Eff",0.1,0.35,0.35,0.38,0.39
98,"True.Utility",0.07,0.25,0.18,0.15,0.06
401,"True.Tox",0.1,0.18,0.35,0.4,0.5
401,"True.Eff",0.35,0.35,0.37,0.39,0.39
401,"True.Utility",0.28,0.23,0.14,0.12,0.06
300,"True.Tox",0.01,0.03,0.05,0.12,0.22
300,"True.Eff",0.05,0.1,0.15,0.35,0.36
300,"True.Utility",0.04,0.08,0.12,0.27,0.21
510,"True.Tox",0.02,0.06,0.1,0.2,0.35
510,"True.Eff",0.05,0.1,0.15,0.35,0.37
510,"True.Utility",0.04,0.06,0.08,0.22,0.14
413,"True.Tox",0.1,0.2,0.35,0.43,0.5
413,"True.Eff",0.1,0.36,0.37,0.4,0.41
413,"True.Utility",0.03,0.23,0.14,0.11,0.08
488,"True.Tox",0.01,0.05,0.15,0.18,0.35
488,"True.Eff",0.05,0.35,0.36,0.37,0.38
488,"True.Utility",0.04,0.32,0.26,0.25,0.15
404,"True.Tox",0.01,0.03,0.05,0.12,0.22
404,"True.Eff",0.05,0.1,0.15,0.35,0.36
404,"True.Utility",0.04,0.08,0.12,0.27,0.21
499,"True.Tox",0.02,0.06,0.1,0.2,0.35
499,"True.Eff",0.05,0.1,0.35,0.35,0.4
499,"True.Utility",0.04,0.06,0.28,0.22,0.17
496,"True.Tox",0.01,0.05,0.15,0.18,0.35
496,"True.Eff",0.05,0.35,0.36,0.37,0.38
496,"True.Utility",0.04,0.32,0.26,0.25,0.15
497,"True.Tox",0.1,0.18,0.35,0.4,0.5
497,"True.Eff",0.35,0.35,0.37,0.39,0.39
497,"True.Utility",0.28,0.23,0.14,0.12,0.06
498,"True.Tox",0.05,0.15,0.25,0.35,0.5
498,"True.Eff",0.1,0.35,0.35,0.38,0.39
498,"True.Utility",0.07,0.25,0.18,0.15,0.06
443,"True.Tox",0.02,0.06,0.1,0.2,0.35
443,"True.Eff",0.05,0.1,0.35,0.35,0.4
443,"True.Utility",0.04,0.06,0.28,0.22,0.17
298,"True.Tox",0.05,0.15,0.25,0.35,0.5
298,"True.Eff",0.1,0.35,0.35,0.38,0.39
298,"True.Utility",0.07,0.25,0.18,0.15,0.06
149,"True.Tox",0.1,0.2,0.35,0.43,0.5
149,"True.Eff",0.1,0.36,0.37,0.4,0.41
149,"True.Utility",0.03,0.23,0.14,0.11,0.08
402,"True.Tox",0.05,0.15,0.25,0.35,0.5
402,"True.Eff",0.1,0.35,0.35,0.38,0.39
402,"True.Utility",0.07,0.25,0.18,0.15,0.06
504,"True.Tox",0.01,0.05,0.15,0.18,0.35
504,"True.Eff",0.05,0.35,0.36,0.37,0.38
504,"True.Utility",0.04,0.32,0.26,0.25,0.15
505,"True.Tox",0.1,0.18,0.35,0.4,0.5
505,"True.Eff",0.35,0.35,0.37,0.39,0.39
505,"True.Utility",0.28,0.23,0.14,0.12,0.06
633,"True.Tox",0.1,0.18,0.35,0.4,0.5
633,"True.Eff",0.35,0.35,0.37,0.39,0.39
633,"True.Utility",0.28,0.23,0.14,0.12,0.06
634,"True.Tox",0.05,0.15,0.25,0.35,0.5
634,"True.Eff",0.1,0.35,0.35,0.38,0.39
634,"True.Utility",0.07,0.25,0.18,0.15,0.06
641,"True.Tox",0.1,0.18,0.35,0.4,0.5
641,"True.Eff",0.35,0.35,0.37,0.39,0.39
641,"True.Utility",0.28,0.23,0.14,0.12,0.06
380,"True.Tox",0.01,0.03,0.05,0.12,0.22
380,"True.Eff",0.05,0.1,0.15,0.35,0.36
380,"True.Utility",0.04,0.08,0.12,0.27,0.21
164,"True.Tox",0.01,0.03,0.05,0.12,0.22
164,"True.Eff",0.05,0.1,0.15,0.35,0.36
164,"True.Utility",0.04,0.08,0.12,0.27,0.21
12,"True.Tox",0.01,0.03,0.05,0.12,0.22
12,"True.Eff",0.05,0.1,0.15,0.35,0.36
12,"True.Utility",0.04,0.08,0.12,0.27,0.21
332,"True.Tox",0.01,0.03,0.05,0.12,0.22
332,"True.Eff",0.05,0.1,0.15,0.35,0.36
332,"True.Utility",0.04,0.08,0.12,0.27,0.21
330,"True.Tox",0.05,0.15,0.25,0.35,0.5
330,"True.Eff",0.1,0.35,0.35,0.38,0.39
330,"True.Utility",0.07,0.25,0.18,0.15,0.06
365,"True.Tox",0.1,0.2,0.35,0.43,0.5
365,"True.Eff",0.1,0.36,0.37,0.4,0.41
365,"True.Utility",0.03,0.23,0.14,0.11,0.08
364,"True.Tox",0.01,0.03,0.05,0.12,0.22
364,"True.Eff",0.05,0.1,0.15,0.35,0.36
364,"True.Utility",0.04,0.08,0.12,0.27,0.21
116,"True.Tox",0.01,0.03,0.05,0.12,0.22
116,"True.Eff",0.05,0.1,0.15,0.35,0.36
116,"True.Utility",0.04,0.08,0.12,0.27,0.21
292,"True.Tox",0.01,0.03,0.05,0.12,0.22
292,"True.Eff",0.05,0.1,0.15,0.35,0.36
292,"True.Utility",0.04,0.08,0.12,0.27,0.21
291,"True.Tox",0.02,0.06,0.1,0.2,0.35
291,"True.Eff",0.05,0.1,0.35,0.35,0.4
291,"True.Utility",0.04,0.06,0.28,0.22,0.17
329,"True.Tox",0.1,0.18,0.35,0.4,0.5
329,"True.Eff",0.35,0.35,0.37,0.39,0.39
329,"True.Utility",0.28,0.23,0.14,0.12,0.06
326,"True.Tox",0.02,0.06,0.1,0.2,0.35
326,"True.Eff",0.05,0.1,0.15,0.35,0.37
326,"True.Utility",0.04,0.06,0.08,0.22,0.14
324,"True.Tox",0.01,0.03,0.05,0.12,0.22
324,"True.Eff",0.05,0.1,0.15,0.35,0.36
324,"True.Utility",0.04,0.08,0.12,0.27,0.21
193,"True.Tox",0.1,0.18,0.35,0.4,0.5
193,"True.Eff",0.35,0.35,0.37,0.39,0.39
193,"True.Utility",0.28,0.23,0.14,0.12,0.06
194,"True.Tox",0.05,0.15,0.25,0.35,0.5
194,"True.Eff",0.1,0.35,0.35,0.38,0.39
194,"True.Utility",0.07,0.25,0.18,0.15,0.06
518,"True.Tox",0.02,0.06,0.1,0.2,0.35
518,"True.Eff",0.05,0.1,0.15,0.35,0.37
518,"True.Utility",0.04,0.06,0.08,0.22,0.14
516,"True.Tox",0.01,0.03,0.05,0.12,0.22
516,"True.Eff",0.05,0.1,0.15,0.35,0.36
516,"True.Utility",0.04,0.08,0.12,0.27,0.21
515,"True.Tox",0.02,0.06,0.1,0.2,0.35
515,"True.Eff",0.05,0.1,0.35,0.35,0.4
515,"True.Utility",0.04,0.06,0.28,0.22,0.17
422,"True.Tox",0.02,0.06,0.1,0.2,0.35
422,"True.Eff",0.05,0.1,0.15,0.35,0.37
422,"True.Utility",0.04,0.06,0.08,0.22,0.14
429,"True.Tox",0.1,0.2,0.35,0.43,0.5
429,"True.Eff",0.1,0.36,0.37,0.4,0.41
429,"True.Utility",0.03,0.23,0.14,0.11,0.08
430,"True.Tox",0.02,0.06,0.1,0.2,0.35
430,"True.Eff",0.05,0.1,0.15,0.35,0.37
430,"True.Utility",0.04,0.06,0.08,0.22,0.14
140,"True.Tox",0.01,0.03,0.05,0.12,0.22
140,"True.Eff",0.05,0.1,0.15,0.35,0.36
140,"True.Utility",0.04,0.08,0.12,0.27,0.21
420,"True.Tox",0.01,0.03,0.05,0.12,0.22
420,"True.Eff",0.05,0.1,0.15,0.35,0.36
420,"True.Utility",0.04,0.08,0.12,0.27,0.21
312,"True.Tox",0.01,0.05,0.15,0.18,0.35
312,"True.Eff",0.05,0.35,0.36,0.37,0.38
312,"True.Utility",0.04,0.32,0.26,0.25,0.15
451,"True.Tox",0.02,0.06,0.1,0.2,0.35
451,"True.Eff",0.05,0.1,0.35,0.35,0.4
451,"True.Utility",0.04,0.06,0.28,0.22,0.17
459,"True.Tox",0.02,0.06,0.1,0.2,0.35
459,"True.Eff",0.05,0.1,0.35,0.35,0.4
459,"True.Utility",0.04,0.06,0.28,0.22,0.17
456,"True.Tox",0.01,0.05,0.15,0.18,0.35
456,"True.Eff",0.05,0.35,0.36,0.37,0.38
456,"True.Utility",0.04,0.32,0.26,0.25,0.15
642,"True.Tox",0.05,0.15,0.25,0.35,0.5
642,"True.Eff",0.1,0.35,0.35,0.38,0.39
642,"True.Utility",0.07,0.25,0.18,0.15,0.06
355,"True.Tox",0.02,0.06,0.1,0.2,0.35
355,"True.Eff",0.05,0.1,0.35,0.35,0.4
355,"True.Utility",0.04,0.06,0.28,0.22,0.17
362,"True.Tox",0.05,0.15,0.25,0.35,0.5
362,"True.Eff",0.1,0.35,0.35,0.38,0.39
362,"True.Utility",0.07,0.25,0.18,0.15,0.06
361,"True.Tox",0.1,0.18,0.35,0.4,0.5
361,"True.Eff",0.35,0.35,0.37,0.39,0.39
361,"True.Utility",0.28,0.23,0.14,0.12,0.06
356,"True.Tox",0.01,0.03,0.05,0.12,0.22
356,"True.Eff",0.05,0.1,0.15,0.35,0.36
356,"True.Utility",0.04,0.08,0.12,0.27,0.21
358,"True.Tox",0.02,0.06,0.1,0.2,0.35
358,"True.Eff",0.05,0.1,0.15,0.35,0.37
358,"True.Utility",0.04,0.06,0.08,0.22,0.14
612,"True.Tox",0.01,0.03,0.05,0.12,0.22
612,"True.Eff",0.05,0.1,0.15,0.35,0.36
612,"True.Utility",0.04,0.08,0.12,0.27,0.21
626,"True.Tox",0.05,0.15,0.25,0.35,0.5
626,"True.Eff",0.1,0.35,0.35,0.38,0.39
626,"True.Utility",0.07,0.25,0.18,0.15,0.06
618,"True.Tox",0.05,0.15,0.25,0.35,0.5
618,"True.Eff",0.1,0.35,0.35,0.38,0.39
618,"True.Utility",0.07,0.25,0.18,0.15,0.06
614,"True.Tox",0.02,0.06,0.1,0.2,0.35
614,"True.Eff",0.05,0.1,0.15,0.35,0.37
614,"True.Utility",0.04,0.06,0.08,0.22,0.14
609,"True.Tox",0.1,0.18,0.35,0.4,0.5
609,"True.Eff",0.35,0.35,0.37,0.39,0.39
609,"True.Utility",0.28,0.23,0.14,0.12,0.06
610,"True.Tox",0.05,0.15,0.25,0.35,0.5
610,"True.Eff",0.1,0.35,0.35,0.38,0.39
610,"True.Utility",0.07,0.25,0.18,0.15,0.06
625,"True.Tox",0.1,0.18,0.35,0.4,0.5
625,"True.Eff",0.35,0.35,0.37,0.39,0.39
625,"True.Utility",0.28,0.23,0.14,0.12,0.06
617,"True.Tox",0.1,0.18,0.35,0.4,0.5
617,"True.Eff",0.35,0.35,0.37,0.39,0.39
617,"True.Utility",0.28,0.23,0.14,0.12,0.06
606,"True.Tox",0.02,0.06,0.1,0.2,0.35
606,"True.Eff",0.05,0.1,0.15,0.35,0.37
606,"True.Utility",0.04,0.06,0.08,0.22,0.14
622,"True.Tox",0.02,0.06,0.1,0.2,0.35
622,"True.Eff",0.05,0.1,0.15,0.35,0.37
622,"True.Utility",0.04,0.06,0.08,0.22,0.14
483,"True.Tox",0.02,0.06,0.1,0.2,0.35
483,"True.Eff",0.05,0.1,0.35,0.35,0.4
483,"True.Utility",0.04,0.06,0.28,0.22,0.17
475,"True.Tox",0.02,0.06,0.1,0.2,0.35
475,"True.Eff",0.05,0.1,0.35,0.35,0.4
475,"True.Utility",0.04,0.06,0.28,0.22,0.17
267,"True.Tox",0.02,0.06,0.1,0.2,0.35
267,"True.Eff",0.05,0.1,0.35,0.35,0.4
267,"True.Utility",0.04,0.06,0.28,0.22,0.17
602,"True.Tox",0.05,0.15,0.25,0.35,0.5
602,"True.Eff",0.1,0.35,0.35,0.38,0.39
602,"True.Utility",0.07,0.25,0.18,0.15,0.06
598,"True.Tox",0.02,0.06,0.1,0.2,0.35
598,"True.Eff",0.05,0.1,0.15,0.35,0.37
598,"True.Utility",0.04,0.06,0.08,0.22,0.14
594,"True.Tox",0.05,0.15,0.25,0.35,0.5
594,"True.Eff",0.1,0.35,0.35,0.38,0.39
594,"True.Utility",0.07,0.25,0.18,0.15,0.06
593,"True.Tox",0.1,0.18,0.35,0.4,0.5
593,"True.Eff",0.35,0.35,0.37,0.39,0.39
593,"True.Utility",0.28,0.23,0.14,0.12,0.06
596,"True.Tox",0.01,0.03,0.05,0.12,0.22
596,"True.Eff",0.05,0.1,0.15,0.35,0.36
596,"True.Utility",0.04,0.08,0.12,0.27,0.21
601,"True.Tox",0.1,0.18,0.35,0.4,0.5
601,"True.Eff",0.35,0.35,0.37,0.39,0.39
601,"True.Utility",0.28,0.23,0.14,0.12,0.06
604,"True.Tox",0.01,0.03,0.05,0.12,0.22
604,"True.Eff",0.05,0.1,0.15,0.35,0.36
604,"True.Utility",0.04,0.08,0.12,0.27,0.21
638,"True.Tox",0.02,0.06,0.1,0.2,0.35
638,"True.Eff",0.05,0.1,0.15,0.35,0.37
638,"True.Utility",0.04,0.06,0.08,0.22,0.14
628,"True.Tox",0.01,0.03,0.05,0.12,0.22
628,"True.Eff",0.05,0.1,0.15,0.35,0.36
628,"True.Utility",0.04,0.08,0.12,0.27,0.21
646,"True.Tox",0.02,0.06,0.1,0.2,0.35
646,"True.Eff",0.05,0.1,0.15,0.35,0.37
646,"True.Utility",0.04,0.06,0.08,0.22,0.14
630,"True.Tox",0.02,0.06,0.1,0.2,0.35
630,"True.Eff",0.05,0.1,0.15,0.35,0.37
630,"True.Utility",0.04,0.06,0.08,0.22,0.14
636,"True.Tox",0.01,0.03,0.05,0.12,0.22
636,"True.Eff",0.05,0.1,0.15,0.35,0.36
636,"True.Utility",0.04,0.08,0.12,0.27,0.21
315,"True.Tox",0.02,0.06,0.1,0.2,0.35
315,"True.Eff",0.05,0.1,0.35,0.35,0.4
315,"True.Utility",0.04,0.06,0.28,0.22,0.17
417,"True.Tox",0.1,0.18,0.35,0.4,0.5
417,"True.Eff",0.35,0.35,0.37,0.39,0.39
417,"True.Utility",0.28,0.23,0.14,0.12,0.06
418,"True.Tox",0.05,0.15,0.25,0.35,0.5
418,"True.Eff",0.1,0.35,0.35,0.38,0.39
418,"True.Utility",0.07,0.25,0.18,0.15,0.06
296,"True.Tox",0.01,0.05,0.15,0.18,0.35
296,"True.Eff",0.05,0.35,0.36,0.37,0.38
296,"True.Utility",0.04,0.32,0.26,0.25,0.15
283,"True.Tox",0.02,0.06,0.1,0.2,0.35
283,"True.Eff",0.05,0.1,0.35,0.35,0.4
283,"True.Utility",0.04,0.06,0.28,0.22,0.17
588,"True.Tox",0.01,0.03,0.05,0.12,0.22
588,"True.Eff",0.05,0.1,0.15,0.35,0.36
588,"True.Utility",0.04,0.08,0.12,0.27,0.21
521,"True.Tox",0.1,0.18,0.35,0.4,0.5
521,"True.Eff",0.35,0.35,0.37,0.39,0.39
521,"True.Utility",0.28,0.23,0.14,0.12,0.06
520,"True.Tox",0.01,0.05,0.15,0.18,0.35
520,"True.Eff",0.05,0.35,0.36,0.37,0.38
520,"True.Utility",0.04,0.32,0.26,0.25,0.15
523,"True.Tox",0.02,0.06,0.1,0.2,0.35
523,"True.Eff",0.05,0.1,0.35,0.35,0.4
523,"True.Utility",0.04,0.06,0.28,0.22,0.17
524,"True.Tox",0.01,0.03,0.05,0.12,0.22
524,"True.Eff",0.05,0.1,0.15,0.35,0.36
524,"True.Utility",0.04,0.08,0.12,0.27,0.21
522,"True.Tox",0.05,0.15,0.25,0.35,0.5
522,"True.Eff",0.1,0.35,0.35,0.38,0.39
522,"True.Utility",0.07,0.25,0.18,0.15,0.06
526,"True.Tox",0.02,0.06,0.1,0.2,0.35
526,"True.Eff",0.05,0.1,0.15,0.35,0.37
526,"True.Utility",0.04,0.06,0.08,0.22,0.14
136,"True.Tox",0.01,0.05,0.15,0.18,0.35
136,"True.Eff",0.05,0.35,0.36,0.37,0.38
136,"True.Utility",0.04,0.32,0.26,0.25,0.15
506,"True.Tox",0.05,0.15,0.25,0.35,0.5
506,"True.Eff",0.1,0.35,0.35,0.38,0.39
506,"True.Utility",0.07,0.25,0.18,0.15,0.06
508,"True.Tox",0.01,0.03,0.05,0.12,0.22
508,"True.Eff",0.05,0.1,0.15,0.35,0.36
508,"True.Utility",0.04,0.08,0.12,0.27,0.21
507,"True.Tox",0.02,0.06,0.1,0.2,0.35
507,"True.Eff",0.05,0.1,0.35,0.35,0.4
507,"True.Utility",0.04,0.06,0.28,0.22,0.17
382,"True.Tox",0.02,0.06,0.1,0.2,0.35
382,"True.Eff",0.05,0.1,0.15,0.35,0.37
382,"True.Utility",0.04,0.06,0.08,0.22,0.14
338,"True.Tox",0.05,0.15,0.25,0.35,0.5
338,"True.Eff",0.1,0.35,0.35,0.38,0.39
338,"True.Utility",0.07,0.25,0.18,0.15,0.06
337,"True.Tox",0.1,0.18,0.35,0.4,0.5
337,"True.Eff",0.35,0.35,0.37,0.39,0.39
337,"True.Utility",0.28,0.23,0.14,0.12,0.06
428,"True.Tox",0.01,0.03,0.05,0.12,0.22
428,"True.Eff",0.05,0.1,0.15,0.35,0.36
428,"True.Utility",0.04,0.08,0.12,0.27,0.21
406,"True.Tox",0.02,0.06,0.1,0.2,0.35
406,"True.Eff",0.05,0.1,0.15,0.35,0.37
406,"True.Utility",0.04,0.06,0.08,0.22,0.14
394,"True.Tox",0.05,0.15,0.25,0.35,0.5
394,"True.Eff",0.1,0.35,0.35,0.38,0.39
394,"True.Utility",0.07,0.25,0.18,0.15,0.06
587,"True.Tox",0.02,0.06,0.1,0.2,0.35
587,"True.Eff",0.05,0.1,0.35,0.35,0.4
587,"True.Utility",0.04,0.06,0.28,0.22,0.17
419,"True.Tox",0.02,0.06,0.1,0.2,0.35
419,"True.Eff",0.05,0.1,0.35,0.35,0.4
419,"True.Utility",0.04,0.06,0.28,0.22,0.17
570,"True.Tox",0.05,0.15,0.25,0.35,0.5
570,"True.Eff",0.1,0.35,0.35,0.38,0.39
570,"True.Utility",0.07,0.25,0.18,0.15,0.06
572,"True.Tox",0.01,0.03,0.05,0.12,0.22
572,"True.Eff",0.05,0.1,0.15,0.35,0.36
572,"True.Utility",0.04,0.08,0.12,0.27,0.21
563,"True.Tox",0.02,0.06,0.1,0.2,0.35
563,"True.Eff",0.05,0.1,0.35,0.35,0.4
563,"True.Utility",0.04,0.06,0.28,0.22,0.17
571,"True.Tox",0.02,0.06,0.1,0.2,0.35
571,"True.Eff",0.05,0.1,0.35,0.35,0.4
571,"True.Utility",0.04,0.06,0.28,0.22,0.17
566,"True.Tox",0.02,0.06,0.1,0.2,0.35
566,"True.Eff",0.05,0.1,0.15,0.35,0.37
566,"True.Utility",0.04,0.06,0.08,0.22,0.14
569,"True.Tox",0.1,0.18,0.35,0.4,0.5
569,"True.Eff",0.35,0.35,0.37,0.39,0.39
569,"True.Utility",0.28,0.23,0.14,0.12,0.06
568,"True.Tox",0.01,0.05,0.15,0.18,0.35
568,"True.Eff",0.05,0.35,0.36,0.37,0.38
568,"True.Utility",0.04,0.32,0.26,0.25,0.15
562,"True.Tox",0.05,0.15,0.25,0.35,0.5
562,"True.Eff",0.1,0.35,0.35,0.38,0.39
562,"True.Utility",0.07,0.25,0.18,0.15,0.06
564,"True.Tox",0.01,0.03,0.05,0.12,0.22
564,"True.Eff",0.05,0.1,0.15,0.35,0.36
564,"True.Utility",0.04,0.08,0.12,0.27,0.21
561,"True.Tox",0.1,0.18,0.35,0.4,0.5
561,"True.Eff",0.35,0.35,0.37,0.39,0.39
561,"True.Utility",0.28,0.23,0.14,0.12,0.06
374,"True.Tox",0.02,0.06,0.1,0.2,0.35
374,"True.Eff",0.05,0.1,0.15,0.35,0.37
374,"True.Utility",0.04,0.06,0.08,0.22,0.14
100,"True.Tox",0.01,0.03,0.05,0.12,0.22
100,"True.Eff",0.05,0.1,0.15,0.35,0.36
100,"True.Utility",0.04,0.08,0.12,0.27,0.21
334,"True.Tox",0.02,0.06,0.1,0.2,0.35
334,"True.Eff",0.05,0.1,0.15,0.35,0.37
334,"True.Utility",0.04,0.06,0.08,0.22,0.14
372,"True.Tox",0.01,0.03,0.05,0.12,0.22
372,"True.Eff",0.05,0.1,0.15,0.35,0.36
372,"True.Utility",0.04,0.08,0.12,0.27,0.21
425,"True.Tox",0.1,0.18,0.35,0.4,0.5
425,"True.Eff",0.35,0.35,0.37,0.39,0.39
425,"True.Utility",0.28,0.23,0.14,0.12,0.06
426,"True.Tox",0.05,0.15,0.25,0.35,0.5
426,"True.Eff",0.1,0.35,0.35,0.38,0.39
426,"True.Utility",0.07,0.25,0.18,0.15,0.06
424,"True.Tox",0.01,0.05,0.15,0.18,0.35
424,"True.Eff",0.05,0.35,0.36,0.37,0.38
424,"True.Utility",0.04,0.32,0.26,0.25,0.15
124,"True.Tox",0.01,0.03,0.05,0.12,0.22
124,"True.Eff",0.05,0.1,0.15,0.35,0.36
124,"True.Utility",0.04,0.08,0.12,0.27,0.21
342,"True.Tox",0.02,0.06,0.1,0.2,0.35
342,"True.Eff",0.05,0.1,0.15,0.35,0.37
342,"True.Utility",0.04,0.06,0.08,0.22,0.14
340,"True.Tox",0.01,0.03,0.05,0.12,0.22
340,"True.Eff",0.05,0.1,0.15,0.35,0.36
340,"True.Utility",0.04,0.08,0.12,0.27,0.21
360,"True.Tox",0.01,0.05,0.15,0.18,0.35
360,"True.Eff",0.05,0.35,0.36,0.37,0.38
360,"True.Utility",0.04,0.32,0.26,0.25,0.15
620,"True.Tox",0.01,0.03,0.05,0.12,0.22
620,"True.Eff",0.05,0.1,0.15,0.35,0.36
620,"True.Utility",0.04,0.08,0.12,0.27,0.21
370,"True.Tox",0.05,0.15,0.25,0.35,0.5
370,"True.Eff",0.1,0.35,0.35,0.38,0.39
370,"True.Utility",0.07,0.25,0.18,0.15,0.06
371,"True.Tox",0.02,0.06,0.1,0.2,0.35
371,"True.Eff",0.05,0.1,0.35,0.35,0.4
371,"True.Utility",0.04,0.06,0.28,0.22,0.17
122,"True.Tox",0.05,0.15,0.25,0.35,0.5
122,"True.Eff",0.1,0.35,0.35,0.38,0.39
122,"True.Utility",0.07,0.25,0.18,0.15,0.06
123,"True.Tox",0.02,0.06,0.1,0.2,0.35
123,"True.Eff",0.05,0.1,0.35,0.35,0.4
123,"True.Utility",0.04,0.06,0.28,0.22,0.17
345,"True.Tox",0.1,0.18,0.35,0.4,0.5
345,"True.Eff",0.35,0.35,0.37,0.39,0.39
345,"True.Utility",0.28,0.23,0.14,0.12,0.06
611,"True.Tox",0.02,0.06,0.1,0.2,0.35
611,"True.Eff",0.05,0.1,0.35,0.35,0.4
611,"True.Utility",0.04,0.06,0.28,0.22,0.17
448,"True.Tox",0.01,0.05,0.15,0.18,0.35
448,"True.Eff",0.05,0.35,0.36,0.37,0.38
448,"True.Utility",0.04,0.32,0.26,0.25,0.15
553,"True.Tox",0.1,0.18,0.35,0.4,0.5
553,"True.Eff",0.35,0.35,0.37,0.39,0.39
553,"True.Utility",0.28,0.23,0.14,0.12,0.06
545,"True.Tox",0.1,0.18,0.35,0.4,0.5
545,"True.Eff",0.35,0.35,0.37,0.39,0.39
545,"True.Utility",0.28,0.23,0.14,0.12,0.06
540,"True.Tox",0.01,0.03,0.05,0.12,0.22
540,"True.Eff",0.05,0.1,0.15,0.35,0.36
540,"True.Utility",0.04,0.08,0.12,0.27,0.21
548,"True.Tox",0.01,0.03,0.05,0.12,0.22
548,"True.Eff",0.05,0.1,0.15,0.35,0.36
548,"True.Utility",0.04,0.08,0.12,0.27,0.21
534,"True.Tox",0.02,0.06,0.1,0.2,0.35
534,"True.Eff",0.05,0.1,0.15,0.35,0.37
534,"True.Utility",0.04,0.06,0.08,0.22,0.14
544,"True.Tox",0.01,0.05,0.15,0.18,0.35
544,"True.Eff",0.05,0.35,0.36,0.37,0.38
544,"True.Utility",0.04,0.32,0.26,0.25,0.15
536,"True.Tox",0.01,0.05,0.15,0.18,0.35
536,"True.Eff",0.05,0.35,0.36,0.37,0.38
536,"True.Utility",0.04,0.32,0.26,0.25,0.15
550,"True.Tox",0.02,0.06,0.1,0.2,0.35
550,"True.Eff",0.05,0.1,0.15,0.35,0.37
550,"True.Utility",0.04,0.06,0.08,0.22,0.14
552,"True.Tox",0.01,0.05,0.15,0.18,0.35
552,"True.Eff",0.05,0.35,0.36,0.37,0.38
552,"True.Utility",0.04,0.32,0.26,0.25,0.15
530,"True.Tox",0.05,0.15,0.25,0.35,0.5
530,"True.Eff",0.1,0.35,0.35,0.38,0.39
530,"True.Utility",0.07,0.25,0.18,0.15,0.06
542,"True.Tox",0.02,0.06,0.1,0.2,0.35
542,"True.Eff",0.05,0.1,0.15,0.35,0.37
542,"True.Utility",0.04,0.06,0.08,0.22,0.14
539,"True.Tox",0.02,0.06,0.1,0.2,0.35
539,"True.Eff",0.05,0.1,0.35,0.35,0.4
539,"True.Utility",0.04,0.06,0.28,0.22,0.17
549,"True.Tox",0.1,0.2,0.35,0.43,0.5
549,"True.Eff",0.1,0.36,0.37,0.4,0.41
549,"True.Utility",0.03,0.23,0.14,0.11,0.08
538,"True.Tox",0.05,0.15,0.25,0.35,0.5
538,"True.Eff",0.1,0.35,0.35,0.38,0.39
538,"True.Utility",0.07,0.25,0.18,0.15,0.06
529,"True.Tox",0.1,0.18,0.35,0.4,0.5
529,"True.Eff",0.35,0.35,0.37,0.39,0.39
529,"True.Utility",0.28,0.23,0.14,0.12,0.06
537,"True.Tox",0.1,0.18,0.35,0.4,0.5
537,"True.Eff",0.35,0.35,0.37,0.39,0.39
537,"True.Utility",0.28,0.23,0.14,0.12,0.06
547,"True.Tox",0.02,0.06,0.1,0.2,0.35
547,"True.Eff",0.05,0.1,0.35,0.35,0.4
547,"True.Utility",0.04,0.06,0.28,0.22,0.17
546,"True.Tox",0.05,0.15,0.25,0.35,0.5
546,"True.Eff",0.1,0.35,0.35,0.38,0.39
546,"True.Utility",0.07,0.25,0.18,0.15,0.06
532,"True.Tox",0.01,0.03,0.05,0.12,0.22
532,"True.Eff",0.05,0.1,0.15,0.35,0.36
532,"True.Utility",0.04,0.08,0.12,0.27,0.21
533,"True.Tox",0.1,0.2,0.35,0.43,0.5
533,"True.Eff",0.1,0.36,0.37,0.4,0.41
533,"True.Utility",0.03,0.23,0.14,0.11,0.08
440,"True.Tox",0.01,0.05,0.15,0.18,0.35
440,"True.Eff",0.05,0.35,0.36,0.37,0.38
440,"True.Utility",0.04,0.32,0.26,0.25,0.15
328,"True.Tox",0.01,0.05,0.15,0.18,0.35
328,"True.Eff",0.05,0.35,0.36,0.37,0.38
328,"True.Utility",0.04,0.32,0.26,0.25,0.15
323,"True.Tox",0.02,0.06,0.1,0.2,0.35
323,"True.Eff",0.05,0.1,0.35,0.35,0.4
323,"True.Utility",0.04,0.06,0.28,0.22,0.17
320,"True.Tox",0.01,0.05,0.15,0.18,0.35
320,"True.Eff",0.05,0.35,0.36,0.37,0.38
320,"True.Utility",0.04,0.32,0.26,0.25,0.15
464,"True.Tox",0.01,0.05,0.15,0.18,0.35
464,"True.Eff",0.05,0.35,0.36,0.37,0.38
464,"True.Utility",0.04,0.32,0.26,0.25,0.15
318,"True.Tox",0.02,0.06,0.1,0.2,0.35
318,"True.Eff",0.05,0.1,0.15,0.35,0.37
318,"True.Utility",0.04,0.06,0.08,0.22,0.14
644,"True.Tox",0.01,0.03,0.05,0.12,0.22
644,"True.Eff",0.05,0.1,0.15,0.35,0.36
644,"True.Utility",0.04,0.08,0.12,0.27,0.21
635,"True.Tox",0.02,0.06,0.1,0.2,0.35
635,"True.Eff",0.05,0.1,0.35,0.35,0.4
635,"True.Utility",0.04,0.06,0.28,0.22,0.17
643,"True.Tox",0.02,0.06,0.1,0.2,0.35
643,"True.Eff",0.05,0.1,0.35,0.35,0.4
643,"True.Utility",0.04,0.06,0.28,0.22,0.17
307,"True.Tox",0.02,0.06,0.1,0.2,0.35
307,"True.Eff",0.05,0.1,0.35,0.35,0.4
307,"True.Utility",0.04,0.06,0.28,0.22,0.17
400,"True.Tox",0.01,0.05,0.15,0.18,0.35
400,"True.Eff",0.05,0.35,0.36,0.37,0.38
400,"True.Utility",0.04,0.32,0.26,0.25,0.15
211,"True.Tox",0.02,0.06,0.1,0.2,0.35
211,"True.Eff",0.05,0.1,0.35,0.35,0.4
211,"True.Utility",0.04,0.06,0.28,0.22,0.17
210,"True.Tox",0.05,0.15,0.25,0.35,0.5
210,"True.Eff",0.1,0.35,0.35,0.38,0.39
210,"True.Utility",0.07,0.25,0.18,0.15,0.06
595,"True.Tox",0.02,0.06,0.1,0.2,0.35
595,"True.Eff",0.05,0.1,0.35,0.35,0.4
595,"True.Utility",0.04,0.06,0.28,0.22,0.17
600,"True.Tox",0.01,0.05,0.15,0.18,0.35
600,"True.Eff",0.05,0.35,0.36,0.37,0.38
600,"True.Utility",0.04,0.32,0.26,0.25,0.15
603,"True.Tox",0.02,0.06,0.1,0.2,0.35
603,"True.Eff",0.05,0.1,0.35,0.35,0.4
603,"True.Utility",0.04,0.06,0.28,0.22,0.17
590,"True.Tox",0.02,0.06,0.1,0.2,0.35
590,"True.Eff",0.05,0.1,0.15,0.35,0.37
590,"True.Utility",0.04,0.06,0.08,0.22,0.14
592,"True.Tox",0.01,0.05,0.15,0.18,0.35
592,"True.Eff",0.05,0.35,0.36,0.37,0.38
592,"True.Utility",0.04,0.32,0.26,0.25,0.15
379,"True.Tox",0.02,0.06,0.1,0.2,0.35
379,"True.Eff",0.05,0.1,0.35,0.35,0.4
379,"True.Utility",0.04,0.06,0.28,0.22,0.17
331,"True.Tox",0.02,0.06,0.1,0.2,0.35
331,"True.Eff",0.05,0.1,0.35,0.35,0.4
331,"True.Utility",0.04,0.06,0.28,0.22,0.17
390,"True.Tox",0.02,0.06,0.1,0.2,0.35
390,"True.Eff",0.05,0.1,0.15,0.35,0.37
390,"True.Utility",0.04,0.06,0.08,0.22,0.14
385,"True.Tox",0.1,0.18,0.35,0.4,0.5
385,"True.Eff",0.35,0.35,0.37,0.39,0.39
385,"True.Utility",0.28,0.23,0.14,0.12,0.06
386,"True.Tox",0.05,0.15,0.25,0.35,0.5
386,"True.Eff",0.1,0.35,0.35,0.38,0.39
386,"True.Utility",0.07,0.25,0.18,0.15,0.06
388,"True.Tox",0.01,0.03,0.05,0.12,0.22
388,"True.Eff",0.05,0.1,0.15,0.35,0.36
388,"True.Utility",0.04,0.08,0.12,0.27,0.21
387,"True.Tox",0.02,0.06,0.1,0.2,0.35
387,"True.Eff",0.05,0.1,0.35,0.35,0.4
387,"True.Utility",0.04,0.06,0.28,0.22,0.17
512,"True.Tox",0.01,0.05,0.15,0.18,0.35
512,"True.Eff",0.05,0.35,0.36,0.37,0.38
512,"True.Utility",0.04,0.32,0.26,0.25,0.15
395,"True.Tox",0.02,0.06,0.1,0.2,0.35
395,"True.Eff",0.05,0.1,0.35,0.35,0.4
395,"True.Utility",0.04,0.06,0.28,0.22,0.17
377,"True.Tox",0.1,0.18,0.35,0.4,0.5
377,"True.Eff",0.35,0.35,0.37,0.39,0.39
377,"True.Utility",0.28,0.23,0.14,0.12,0.06
376,"True.Tox",0.01,0.05,0.15,0.18,0.35
376,"True.Eff",0.05,0.35,0.36,0.37,0.38
376,"True.Utility",0.04,0.32,0.26,0.25,0.15
363,"True.Tox",0.02,0.06,0.1,0.2,0.35
363,"True.Eff",0.05,0.1,0.35,0.35,0.4
363,"True.Utility",0.04,0.06,0.28,0.22,0.17
414,"True.Tox",0.02,0.06,0.1,0.2,0.35
414,"True.Eff",0.05,0.1,0.15,0.35,0.37
414,"True.Utility",0.04,0.06,0.08,0.22,0.14
182,"True.Tox",0.02,0.06,0.1,0.2,0.35
182,"True.Eff",0.05,0.1,0.15,0.35,0.37
182,"True.Utility",0.04,0.06,0.08,0.22,0.14
586,"True.Tox",0.05,0.15,0.25,0.35,0.5
586,"True.Eff",0.1,0.35,0.35,0.38,0.39
586,"True.Utility",0.07,0.25,0.18,0.15,0.06
576,"True.Tox",0.01,0.05,0.15,0.18,0.35
576,"True.Eff",0.05,0.35,0.36,0.37,0.38
576,"True.Utility",0.04,0.32,0.26,0.25,0.15
585,"True.Tox",0.1,0.18,0.35,0.4,0.5
585,"True.Eff",0.35,0.35,0.37,0.39,0.39
585,"True.Utility",0.28,0.23,0.14,0.12,0.06
577,"True.Tox",0.1,0.18,0.35,0.4,0.5
577,"True.Eff",0.35,0.35,0.37,0.39,0.39
577,"True.Utility",0.28,0.23,0.14,0.12,0.06
574,"True.Tox",0.02,0.06,0.1,0.2,0.35
574,"True.Eff",0.05,0.1,0.15,0.35,0.37
574,"True.Utility",0.04,0.06,0.08,0.22,0.14
582,"True.Tox",0.02,0.06,0.1,0.2,0.35
582,"True.Eff",0.05,0.1,0.15,0.35,0.37
582,"True.Utility",0.04,0.06,0.08,0.22,0.14
580,"True.Tox",0.01,0.03,0.05,0.12,0.22
580,"True.Eff",0.05,0.1,0.15,0.35,0.36
580,"True.Utility",0.04,0.08,0.12,0.27,0.21
578,"True.Tox",0.05,0.15,0.25,0.35,0.5
578,"True.Eff",0.1,0.35,0.35,0.38,0.39
578,"True.Utility",0.07,0.25,0.18,0.15,0.06
579,"True.Tox",0.02,0.06,0.1,0.2,0.35
579,"True.Eff",0.05,0.1,0.35,0.35,0.4
579,"True.Utility",0.04,0.06,0.28,0.22,0.17
416,"True.Tox",0.01,0.05,0.15,0.18,0.35
416,"True.Eff",0.05,0.35,0.36,0.37,0.38
416,"True.Utility",0.04,0.32,0.26,0.25,0.15
427,"True.Tox",0.02,0.06,0.1,0.2,0.35
427,"True.Eff",0.05,0.1,0.35,0.35,0.4
427,"True.Utility",0.04,0.06,0.28,0.22,0.17
412,"True.Tox",0.01,0.03,0.05,0.12,0.22
412,"True.Eff",0.05,0.1,0.15,0.35,0.36
412,"True.Utility",0.04,0.08,0.12,0.27,0.21
409,"True.Tox",0.1,0.18,0.35,0.4,0.5
409,"True.Eff",0.35,0.35,0.37,0.39,0.39
409,"True.Utility",0.28,0.23,0.14,0.12,0.06
410,"True.Tox",0.05,0.15,0.25,0.35,0.5
410,"True.Eff",0.1,0.35,0.35,0.38,0.39
410,"True.Utility",0.07,0.25,0.18,0.15,0.06
411,"True.Tox",0.02,0.06,0.1,0.2,0.35
411,"True.Eff",0.05,0.1,0.35,0.35,0.4
411,"True.Utility",0.04,0.06,0.28,0.22,0.17
627,"True.Tox",0.02,0.06,0.1,0.2,0.35
627,"True.Eff",0.05,0.1,0.35,0.35,0.4
627,"True.Utility",0.04,0.06,0.28,0.22,0.17
616,"True.Tox",0.01,0.05,0.15,0.18,0.35
616,"True.Eff",0.05,0.35,0.36,0.37,0.38
616,"True.Utility",0.04,0.32,0.26,0.25,0.15
624,"True.Tox",0.01,0.05,0.15,0.18,0.35
624,"True.Eff",0.05,0.35,0.36,0.37,0.38
624,"True.Utility",0.04,0.32,0.26,0.25,0.15
619,"True.Tox",0.02,0.06,0.1,0.2,0.35
619,"True.Eff",0.05,0.1,0.35,0.35,0.4
619,"True.Utility",0.04,0.06,0.28,0.22,0.17
76,"True.Tox",0.01,0.03,0.05,0.12,0.22
76,"True.Eff",0.05,0.1,0.15,0.35,0.36
76,"True.Utility",0.04,0.08,0.12,0.27,0.21
153,"True.Tox",0.1,0.18,0.35,0.4,0.5
153,"True.Eff",0.35,0.35,0.37,0.39,0.39
153,"True.Utility",0.28,0.23,0.14,0.12,0.06
156,"True.Tox",0.01,0.03,0.05,0.12,0.22
156,"True.Eff",0.05,0.1,0.15,0.35,0.36
156,"True.Utility",0.04,0.08,0.12,0.27,0.21
155,"True.Tox",0.02,0.06,0.1,0.2,0.35
155,"True.Eff",0.05,0.1,0.35,0.35,0.4
155,"True.Utility",0.04,0.06,0.28,0.22,0.17
154,"True.Tox",0.05,0.15,0.25,0.35,0.5
154,"True.Eff",0.1,0.35,0.35,0.38,0.39
154,"True.Utility",0.07,0.25,0.18,0.15,0.06
558,"True.Tox",0.02,0.06,0.1,0.2,0.35
558,"True.Eff",0.05,0.1,0.15,0.35,0.37
558,"True.Utility",0.04,0.06,0.08,0.22,0.14
560,"True.Tox",0.01,0.05,0.15,0.18,0.35
560,"True.Eff",0.05,0.35,0.36,0.37,0.38
560,"True.Utility",0.04,0.32,0.26,0.25,0.15
96,"True.Tox",0.01,0.05,0.15,0.18,0.35
96,"True.Eff",0.05,0.35,0.36,0.37,0.38
96,"True.Utility",0.04,0.32,0.26,0.25,0.15
432,"True.Tox",0.01,0.05,0.15,0.18,0.35
432,"True.Eff",0.05,0.35,0.36,0.37,0.38
432,"True.Utility",0.04,0.32,0.26,0.25,0.15
336,"True.Tox",0.01,0.05,0.15,0.18,0.35
336,"True.Eff",0.05,0.35,0.36,0.37,0.38
336,"True.Utility",0.04,0.32,0.26,0.25,0.15
384,"True.Tox",0.01,0.05,0.15,0.18,0.35
384,"True.Eff",0.05,0.35,0.36,0.37,0.38
384,"True.Utility",0.04,0.32,0.26,0.25,0.15
78,"True.Tox",0.02,0.06,0.1,0.2,0.35
78,"True.Eff",0.05,0.1,0.15,0.35,0.37
78,"True.Utility",0.04,0.06,0.08,0.22,0.14
392,"True.Tox",0.01,0.05,0.15,0.18,0.35
392,"True.Eff",0.05,0.35,0.36,0.37,0.38
392,"True.Utility",0.04,0.32,0.26,0.25,0.15
393,"True.Tox",0.1,0.18,0.35,0.4,0.5
393,"True.Eff",0.35,0.35,0.37,0.39,0.39
393,"True.Utility",0.28,0.23,0.14,0.12,0.06
168,"True.Tox",0.01,0.05,0.15,0.18,0.35
168,"True.Eff",0.05,0.35,0.36,0.37,0.38
168,"True.Utility",0.04,0.32,0.26,0.25,0.15
169,"True.Tox",0.1,0.18,0.35,0.4,0.5
169,"True.Eff",0.35,0.35,0.37,0.39,0.39
169,"True.Utility",0.28,0.23,0.14,0.12,0.06
584,"True.Tox",0.01,0.05,0.15,0.18,0.35
584,"True.Eff",0.05,0.35,0.36,0.37,0.38
584,"True.Utility",0.04,0.32,0.26,0.25,0.15
555,"True.Tox",0.02,0.06,0.1,0.2,0.35
555,"True.Eff",0.05,0.1,0.35,0.35,0.4
555,"True.Utility",0.04,0.06,0.28,0.22,0.17
554,"True.Tox",0.05,0.15,0.25,0.35,0.5
554,"True.Eff",0.1,0.35,0.35,0.38,0.39
554,"True.Utility",0.07,0.25,0.18,0.15,0.06
556,"True.Tox",0.01,0.03,0.05,0.12,0.22
556,"True.Eff",0.05,0.1,0.15,0.35,0.36
556,"True.Utility",0.04,0.08,0.12,0.27,0.21
608,"True.Tox",0.01,0.05,0.15,0.18,0.35
608,"True.Eff",0.05,0.35,0.36,0.37,0.38
608,"True.Utility",0.04,0.32,0.26,0.25,0.15
472,"True.Tox",0.01,0.05,0.15,0.18,0.35
472,"True.Eff",0.05,0.35,0.36,0.37,0.38
472,"True.Utility",0.04,0.32,0.26,0.25,0.15
403,"True.Tox",0.02,0.06,0.1,0.2,0.35
403,"True.Eff",0.05,0.1,0.35,0.35,0.4
403,"True.Utility",0.04,0.06,0.28,0.22,0.17
142,"True.Tox",0.02,0.06,0.1,0.2,0.35
142,"True.Eff",0.05,0.1,0.15,0.35,0.37
142,"True.Utility",0.04,0.06,0.08,0.22,0.14
146,"True.Tox",0.05,0.15,0.25,0.35,0.5
146,"True.Eff",0.1,0.35,0.35,0.38,0.39
146,"True.Utility",0.07,0.25,0.18,0.15,0.06
145,"True.Tox",0.1,0.18,0.35,0.4,0.5
145,"True.Eff",0.35,0.35,0.37,0.39,0.39
145,"True.Utility",0.28,0.23,0.14,0.12,0.06
144,"True.Tox",0.01,0.05,0.15,0.18,0.35
144,"True.Eff",0.05,0.35,0.36,0.37,0.38
144,"True.Utility",0.04,0.32,0.26,0.25,0.15
163,"True.Tox",0.02,0.06,0.1,0.2,0.35
163,"True.Eff",0.05,0.1,0.35,0.35,0.4
163,"True.Utility",0.04,0.06,0.28,0.22,0.17
162,"True.Tox",0.05,0.15,0.25,0.35,0.5
162,"True.Eff",0.1,0.35,0.35,0.38,0.39
162,"True.Utility",0.07,0.25,0.18,0.15,0.06
108,"True.Tox",0.01,0.03,0.05,0.12,0.22
108,"True.Eff",0.05,0.1,0.15,0.35,0.36
108,"True.Utility",0.04,0.08,0.12,0.27,0.21
648,"True.Tox",0.01,0.05,0.15,0.18,0.35
648,"True.Eff",0.05,0.35,0.36,0.37,0.38
648,"True.Utility",0.04,0.32,0.26,0.25,0.15
75,"True.Tox",0.02,0.06,0.1,0.2,0.35
75,"True.Eff",0.05,0.1,0.35,0.35,0.4
75,"True.Utility",0.04,0.06,0.28,0.22,0.17
74,"True.Tox",0.05,0.15,0.25,0.35,0.5
74,"True.Eff",0.1,0.35,0.35,0.38,0.39
74,"True.Utility",0.07,0.25,0.18,0.15,0.06
92,"True.Tox",0.01,0.03,0.05,0.12,0.22
92,"True.Eff",0.05,0.1,0.15,0.35,0.36
92,"True.Utility",0.04,0.08,0.12,0.27,0.21
138,"True.Tox",0.05,0.15,0.25,0.35,0.5
138,"True.Eff",0.1,0.35,0.35,0.38,0.39
138,"True.Utility",0.07,0.25,0.18,0.15,0.06
139,"True.Tox",0.02,0.06,0.1,0.2,0.35
139,"True.Eff",0.05,0.1,0.35,0.35,0.4
139,"True.Utility",0.04,0.06,0.28,0.22,0.17
126,"True.Tox",0.02,0.06,0.1,0.2,0.35
126,"True.Eff",0.05,0.1,0.15,0.35,0.37
126,"True.Utility",0.04,0.06,0.08,0.22,0.14
640,"True.Tox",0.01,0.05,0.15,0.18,0.35
640,"True.Eff",0.05,0.35,0.36,0.37,0.38
640,"True.Utility",0.04,0.32,0.26,0.25,0.15
632,"True.Tox",0.01,0.05,0.15,0.18,0.35
632,"True.Eff",0.05,0.35,0.36,0.37,0.38
632,"True.Utility",0.04,0.32,0.26,0.25,0.15
170,"True.Tox",0.05,0.15,0.25,0.35,0.5
170,"True.Eff",0.1,0.35,0.35,0.38,0.39
170,"True.Utility",0.07,0.25,0.18,0.15,0.06
171,"True.Tox",0.02,0.06,0.1,0.2,0.35
171,"True.Eff",0.05,0.1,0.35,0.35,0.4
171,"True.Utility",0.04,0.06,0.28,0.22,0.17
88,"True.Tox",0.01,0.05,0.15,0.18,0.35
88,"True.Eff",0.05,0.35,0.36,0.37,0.38
88,"True.Utility",0.04,0.32,0.26,0.25,0.15
203,"True.Tox",0.02,0.06,0.1,0.2,0.35
203,"True.Eff",0.05,0.1,0.35,0.35,0.4
203,"True.Utility",0.04,0.06,0.28,0.22,0.17
202,"True.Tox",0.05,0.15,0.25,0.35,0.5
202,"True.Eff",0.1,0.35,0.35,0.38,0.39
202,"True.Utility",0.07,0.25,0.18,0.15,0.06
368,"True.Tox",0.01,0.05,0.15,0.18,0.35
368,"True.Eff",0.05,0.35,0.36,0.37,0.38
368,"True.Utility",0.04,0.32,0.26,0.25,0.15
20,"True.Tox",0.01,0.03,0.05,0.12,0.22
20,"True.Eff",0.05,0.1,0.15,0.35,0.36
20,"True.Utility",0.04,0.08,0.12,0.27,0.21
107,"True.Tox",0.02,0.06,0.1,0.2,0.35
107,"True.Eff",0.05,0.1,0.35,0.35,0.4
107,"True.Utility",0.04,0.06,0.28,0.22,0.17
106,"True.Tox",0.05,0.15,0.25,0.35,0.5
106,"True.Eff",0.1,0.35,0.35,0.38,0.39
106,"True.Utility",0.07,0.25,0.18,0.15,0.06
344,"True.Tox",0.01,0.05,0.15,0.18,0.35
344,"True.Eff",0.05,0.35,0.36,0.37,0.38
344,"True.Utility",0.04,0.32,0.26,0.25,0.15
110,"True.Tox",0.02,0.06,0.1,0.2,0.35
110,"True.Eff",0.05,0.1,0.15,0.35,0.37
110,"True.Utility",0.04,0.06,0.08,0.22,0.14
214,"True.Tox",0.02,0.06,0.1,0.2,0.35
214,"True.Eff",0.05,0.1,0.15,0.35,0.37
214,"True.Utility",0.04,0.06,0.08,0.22,0.14
339,"True.Tox",0.02,0.06,0.1,0.2,0.35
339,"True.Eff",0.05,0.1,0.35,0.35,0.4
339,"True.Utility",0.04,0.06,0.28,0.22,0.17
220,"True.Tox",0.01,0.03,0.05,0.12,0.22
220,"True.Eff",0.05,0.1,0.15,0.35,0.36
220,"True.Utility",0.04,0.08,0.12,0.27,0.21
219,"True.Tox",0.02,0.06,0.1,0.2,0.35
219,"True.Eff",0.05,0.1,0.35,0.35,0.4
219,"True.Utility",0.04,0.06,0.28,0.22,0.17
222,"True.Tox",0.02,0.06,0.1,0.2,0.35
222,"True.Eff",0.05,0.1,0.15,0.35,0.37
222,"True.Utility",0.04,0.06,0.08,0.22,0.14
218,"True.Tox",0.05,0.15,0.25,0.35,0.5
218,"True.Eff",0.1,0.35,0.35,0.38,0.39
218,"True.Utility",0.07,0.25,0.18,0.15,0.06
224,"True.Tox",0.01,0.05,0.15,0.18,0.35
224,"True.Eff",0.05,0.35,0.36,0.37,0.38
224,"True.Utility",0.04,0.32,0.26,0.25,0.15
226,"True.Tox",0.05,0.15,0.25,0.35,0.5
226,"True.Eff",0.1,0.35,0.35,0.38,0.39
226,"True.Utility",0.07,0.25,0.18,0.15,0.06
228,"True.Tox",0.01,0.03,0.05,0.12,0.22
228,"True.Eff",0.05,0.1,0.15,0.35,0.36
228,"True.Utility",0.04,0.08,0.12,0.27,0.21
396,"True.Tox",0.01,0.03,0.05,0.12,0.22
396,"True.Eff",0.05,0.1,0.15,0.35,0.36
396,"True.Utility",0.04,0.08,0.12,0.27,0.21
90,"True.Tox",0.05,0.15,0.25,0.35,0.5
90,"True.Eff",0.1,0.35,0.35,0.38,0.39
90,"True.Utility",0.07,0.25,0.18,0.15,0.06
91,"True.Tox",0.02,0.06,0.1,0.2,0.35
91,"True.Eff",0.05,0.1,0.35,0.35,0.4
91,"True.Utility",0.04,0.06,0.28,0.22,0.17
528,"True.Tox",0.01,0.05,0.15,0.18,0.35
528,"True.Eff",0.05,0.35,0.36,0.37,0.38
528,"True.Utility",0.04,0.32,0.26,0.25,0.15
531,"True.Tox",0.02,0.06,0.1,0.2,0.35
531,"True.Eff",0.05,0.1,0.35,0.35,0.4
531,"True.Utility",0.04,0.06,0.28,0.22,0.17
289,"True.Tox",0.1,0.18,0.35,0.4,0.5
289,"True.Eff",0.35,0.35,0.37,0.39,0.39
289,"True.Utility",0.28,0.23,0.14,0.12,0.06
148,"True.Tox",0.01,0.03,0.05,0.12,0.22
148,"True.Eff",0.05,0.1,0.15,0.35,0.36
148,"True.Utility",0.04,0.08,0.12,0.27,0.21
147,"True.Tox",0.02,0.06,0.1,0.2,0.35
147,"True.Eff",0.05,0.1,0.35,0.35,0.4
147,"True.Utility",0.04,0.06,0.28,0.22,0.17
150,"True.Tox",0.02,0.06,0.1,0.2,0.35
150,"True.Eff",0.05,0.1,0.15,0.35,0.37
150,"True.Utility",0.04,0.06,0.08,0.22,0.14
272,"True.Tox",0.01,0.05,0.15,0.18,0.35
272,"True.Eff",0.05,0.35,0.36,0.37,0.38
272,"True.Utility",0.04,0.32,0.26,0.25,0.15
352,"True.Tox",0.01,0.05,0.15,0.18,0.35
352,"True.Eff",0.05,0.35,0.36,0.37,0.38
352,"True.Utility",0.04,0.32,0.26,0.25,0.15
350,"True.Tox",0.02,0.06,0.1,0.2,0.35
350,"True.Eff",0.05,0.1,0.15,0.35,0.37
350,"True.Utility",0.04,0.06,0.08,0.22,0.14
290,"True.Tox",0.05,0.15,0.25,0.35,0.5
290,"True.Eff",0.1,0.35,0.35,0.38,0.39
290,"True.Utility",0.07,0.25,0.18,0.15,0.06
118,"True.Tox",0.02,0.06,0.1,0.2,0.35
118,"True.Eff",0.05,0.1,0.15,0.35,0.37
118,"True.Utility",0.04,0.06,0.08,0.22,0.14
166,"True.Tox",0.02,0.06,0.1,0.2,0.35
166,"True.Eff",0.05,0.1,0.15,0.35,0.37
166,"True.Utility",0.04,0.06,0.08,0.22,0.14
131,"True.Tox",0.02,0.06,0.1,0.2,0.35
131,"True.Eff",0.05,0.1,0.35,0.35,0.4
131,"True.Utility",0.04,0.06,0.28,0.22,0.17
83,"True.Tox",0.02,0.06,0.1,0.2,0.35
83,"True.Eff",0.05,0.1,0.35,0.35,0.4
83,"True.Utility",0.04,0.06,0.28,0.22,0.17
195,"True.Tox",0.02,0.06,0.1,0.2,0.35
195,"True.Eff",0.05,0.1,0.35,0.35,0.4
195,"True.Utility",0.04,0.06,0.28,0.22,0.17
196,"True.Tox",0.01,0.03,0.05,0.12,0.22
196,"True.Eff",0.05,0.1,0.15,0.35,0.36
196,"True.Utility",0.04,0.08,0.12,0.27,0.21
158,"True.Tox",0.02,0.06,0.1,0.2,0.35
158,"True.Eff",0.05,0.1,0.15,0.35,0.37
158,"True.Utility",0.04,0.06,0.08,0.22,0.14
200,"True.Tox",0.01,0.05,0.15,0.18,0.35
200,"True.Eff",0.05,0.35,0.36,0.37,0.38
200,"True.Utility",0.04,0.32,0.26,0.25,0.15
302,"True.Tox",0.02,0.06,0.1,0.2,0.35
302,"True.Eff",0.05,0.1,0.15,0.35,0.37
302,"True.Utility",0.04,0.06,0.08,0.22,0.14
304,"True.Tox",0.01,0.05,0.15,0.18,0.35
304,"True.Eff",0.05,0.35,0.36,0.37,0.38
304,"True.Utility",0.04,0.32,0.26,0.25,0.15
299,"True.Tox",0.02,0.06,0.1,0.2,0.35
299,"True.Eff",0.05,0.1,0.35,0.35,0.4
299,"True.Utility",0.04,0.06,0.28,0.22,0.17
128,"True.Tox",0.01,0.05,0.15,0.18,0.35
128,"True.Eff",0.05,0.35,0.36,0.37,0.38
128,"True.Utility",0.04,0.32,0.26,0.25,0.15
129,"True.Tox",0.1,0.18,0.35,0.4,0.5
129,"True.Eff",0.35,0.35,0.37,0.39,0.39
129,"True.Utility",0.28,0.23,0.14,0.12,0.06
209,"True.Tox",0.1,0.18,0.35,0.4,0.5
209,"True.Eff",0.35,0.35,0.37,0.39,0.39
209,"True.Utility",0.28,0.23,0.14,0.12,0.06
208,"True.Tox",0.01,0.05,0.15,0.18,0.35
208,"True.Eff",0.05,0.35,0.36,0.37,0.38
208,"True.Utility",0.04,0.32,0.26,0.25,0.15
264,"True.Tox",0.01,0.05,0.15,0.18,0.35
264,"True.Eff",0.05,0.35,0.36,0.37,0.38
264,"True.Utility",0.04,0.32,0.26,0.25,0.15
262,"True.Tox",0.02,0.06,0.1,0.2,0.35
262,"True.Eff",0.05,0.1,0.15,0.35,0.37
262,"True.Utility",0.04,0.06,0.08,0.22,0.14
398,"True.Tox",0.02,0.06,0.1,0.2,0.35
398,"True.Eff",0.05,0.1,0.15,0.35,0.37
398,"True.Utility",0.04,0.06,0.08,0.22,0.14
161,"True.Tox",0.1,0.18,0.35,0.4,0.5
161,"True.Eff",0.35,0.35,0.37,0.39,0.39
161,"True.Utility",0.28,0.23,0.14,0.12,0.06
160,"True.Tox",0.01,0.05,0.15,0.18,0.35
160,"True.Eff",0.05,0.35,0.36,0.37,0.38
160,"True.Utility",0.04,0.32,0.26,0.25,0.15
48,"True.Tox",0.01,0.05,0.15,0.18,0.35
48,"True.Eff",0.05,0.35,0.36,0.37,0.38
48,"True.Utility",0.04,0.32,0.26,0.25,0.15
186,"True.Tox",0.05,0.15,0.25,0.35,0.5
186,"True.Eff",0.1,0.35,0.35,0.38,0.39
186,"True.Utility",0.07,0.25,0.18,0.15,0.06
187,"True.Tox",0.02,0.06,0.1,0.2,0.35
187,"True.Eff",0.05,0.1,0.35,0.35,0.4
187,"True.Utility",0.04,0.06,0.28,0.22,0.17
176,"True.Tox",0.01,0.05,0.15,0.18,0.35
176,"True.Eff",0.05,0.35,0.36,0.37,0.38
176,"True.Utility",0.04,0.32,0.26,0.25,0.15
177,"True.Tox",0.1,0.18,0.35,0.4,0.5
177,"True.Eff",0.35,0.35,0.37,0.39,0.39
177,"True.Utility",0.28,0.23,0.14,0.12,0.06
178,"True.Tox",0.05,0.15,0.25,0.35,0.5
178,"True.Eff",0.1,0.35,0.35,0.38,0.39
178,"True.Utility",0.07,0.25,0.18,0.15,0.06
179,"True.Tox",0.02,0.06,0.1,0.2,0.35
179,"True.Eff",0.05,0.1,0.35,0.35,0.4
179,"True.Utility",0.04,0.06,0.28,0.22,0.17
24,"True.Tox",0.01,0.05,0.15,0.18,0.35
24,"True.Eff",0.05,0.35,0.36,0.37,0.38
24,"True.Utility",0.04,0.32,0.26,0.25,0.15
188,"True.Tox",0.01,0.03,0.05,0.12,0.22
188,"True.Eff",0.05,0.1,0.15,0.35,0.36
188,"True.Utility",0.04,0.08,0.12,0.27,0.21
180,"True.Tox",0.01,0.03,0.05,0.12,0.22
180,"True.Eff",0.05,0.1,0.15,0.35,0.36
180,"True.Utility",0.04,0.08,0.12,0.27,0.21
134,"True.Tox",0.02,0.06,0.1,0.2,0.35
134,"True.Eff",0.05,0.1,0.15,0.35,0.37
134,"True.Utility",0.04,0.06,0.08,0.22,0.14
288,"True.Tox",0.01,0.05,0.15,0.18,0.35
288,"True.Eff",0.05,0.35,0.36,0.37,0.38
288,"True.Utility",0.04,0.32,0.26,0.25,0.15
204,"True.Tox",0.01,0.03,0.05,0.12,0.22
204,"True.Eff",0.05,0.1,0.15,0.35,0.36
204,"True.Utility",0.04,0.08,0.12,0.27,0.21
132,"True.Tox",0.01,0.03,0.05,0.12,0.22
132,"True.Eff",0.05,0.1,0.15,0.35,0.36
132,"True.Utility",0.04,0.08,0.12,0.27,0.21
206,"True.Tox",0.02,0.06,0.1,0.2,0.35
206,"True.Eff",0.05,0.1,0.15,0.35,0.37
206,"True.Utility",0.04,0.06,0.08,0.22,0.14
99,"True.Tox",0.02,0.06,0.1,0.2,0.35
99,"True.Eff",0.05,0.1,0.35,0.35,0.4
99,"True.Utility",0.04,0.06,0.28,0.22,0.17
172,"True.Tox",0.01,0.03,0.05,0.12,0.22
172,"True.Eff",0.05,0.1,0.15,0.35,0.36
172,"True.Utility",0.04,0.08,0.12,0.27,0.21
278,"True.Tox",0.02,0.06,0.1,0.2,0.35
278,"True.Eff",0.05,0.1,0.15,0.35,0.37
278,"True.Utility",0.04,0.06,0.08,0.22,0.14
232,"True.Tox",0.01,0.05,0.15,0.18,0.35
232,"True.Eff",0.05,0.35,0.36,0.37,0.38
232,"True.Utility",0.04,0.32,0.26,0.25,0.15
94,"True.Tox",0.02,0.06,0.1,0.2,0.35
94,"True.Eff",0.05,0.1,0.15,0.35,0.37
94,"True.Utility",0.04,0.06,0.08,0.22,0.14
185,"True.Tox",0.1,0.18,0.35,0.4,0.5
185,"True.Eff",0.35,0.35,0.37,0.39,0.39
185,"True.Utility",0.28,0.23,0.14,0.12,0.06
184,"True.Tox",0.01,0.05,0.15,0.18,0.35
184,"True.Eff",0.05,0.35,0.36,0.37,0.38
184,"True.Utility",0.04,0.32,0.26,0.25,0.15
120,"True.Tox",0.01,0.05,0.15,0.18,0.35
120,"True.Eff",0.05,0.35,0.36,0.37,0.38
120,"True.Utility",0.04,0.32,0.26,0.25,0.15
86,"True.Tox",0.02,0.06,0.1,0.2,0.35
86,"True.Eff",0.05,0.1,0.15,0.35,0.37
86,"True.Utility",0.04,0.06,0.08,0.22,0.14
174,"True.Tox",0.02,0.06,0.1,0.2,0.35
174,"True.Eff",0.05,0.1,0.15,0.35,0.37
174,"True.Utility",0.04,0.06,0.08,0.22,0.14
212,"True.Tox",0.01,0.03,0.05,0.12,0.22
212,"True.Eff",0.05,0.1,0.15,0.35,0.36
212,"True.Utility",0.04,0.08,0.12,0.27,0.21
104,"True.Tox",0.01,0.05,0.15,0.18,0.35
104,"True.Eff",0.05,0.35,0.36,0.37,0.38
104,"True.Utility",0.04,0.32,0.26,0.25,0.15
251,"True.Tox",0.02,0.06,0.1,0.2,0.35
251,"True.Eff",0.05,0.1,0.35,0.35,0.4
251,"True.Utility",0.04,0.06,0.28,0.22,0.17
192,"True.Tox",0.01,0.05,0.15,0.18,0.35
192,"True.Eff",0.05,0.35,0.36,0.37,0.38
192,"True.Utility",0.04,0.32,0.26,0.25,0.15
198,"True.Tox",0.02,0.06,0.1,0.2,0.35
198,"True.Eff",0.05,0.1,0.15,0.35,0.37
198,"True.Utility",0.04,0.06,0.08,0.22,0.14
115,"True.Tox",0.02,0.06,0.1,0.2,0.35
115,"True.Eff",0.05,0.1,0.35,0.35,0.4
115,"True.Utility",0.04,0.06,0.28,0.22,0.17
72,"True.Tox",0.01,0.05,0.15,0.18,0.35
72,"True.Eff",0.05,0.35,0.36,0.37,0.38
72,"True.Utility",0.04,0.32,0.26,0.25,0.15
59,"True.Tox",0.02,0.06,0.1,0.2,0.35
59,"True.Eff",0.05,0.1,0.35,0.35,0.4
59,"True.Utility",0.04,0.06,0.28,0.22,0.17
112,"True.Tox",0.01,0.05,0.15,0.18,0.35
112,"True.Eff",0.05,0.35,0.36,0.37,0.38
112,"True.Utility",0.04,0.32,0.26,0.25,0.15
294,"True.Tox",0.02,0.06,0.1,0.2,0.35
294,"True.Eff",0.05,0.1,0.15,0.35,0.37
294,"True.Utility",0.04,0.06,0.08,0.22,0.14
80,"True.Tox",0.01,0.05,0.15,0.18,0.35
80,"True.Eff",0.05,0.35,0.36,0.37,0.38
80,"True.Utility",0.04,0.32,0.26,0.25,0.15
280,"True.Tox",0.01,0.05,0.15,0.18,0.35
280,"True.Eff",0.05,0.35,0.36,0.37,0.38
280,"True.Utility",0.04,0.32,0.26,0.25,0.15
84,"True.Tox",0.01,0.03,0.05,0.12,0.22
84,"True.Eff",0.05,0.1,0.15,0.35,0.36
84,"True.Utility",0.04,0.08,0.12,0.27,0.21
102,"True.Tox",0.02,0.06,0.1,0.2,0.35
102,"True.Eff",0.05,0.1,0.15,0.35,0.37
102,"True.Utility",0.04,0.06,0.08,0.22,0.14
240,"True.Tox",0.01,0.05,0.15,0.18,0.35
240,"True.Eff",0.05,0.35,0.36,0.37,0.38
240,"True.Utility",0.04,0.32,0.26,0.25,0.15
190,"True.Tox",0.02,0.06,0.1,0.2,0.35
190,"True.Eff",0.05,0.1,0.15,0.35,0.37
190,"True.Utility",0.04,0.06,0.08,0.22,0.14
235,"True.Tox",0.02,0.06,0.1,0.2,0.35
235,"True.Eff",0.05,0.1,0.35,0.35,0.4
235,"True.Utility",0.04,0.06,0.28,0.22,0.17
408,"True.Tox",0.01,0.05,0.15,0.18,0.35
408,"True.Eff",0.05,0.35,0.36,0.37,0.38
408,"True.Utility",0.04,0.32,0.26,0.25,0.15
152,"True.Tox",0.01,0.05,0.15,0.18,0.35
152,"True.Eff",0.05,0.35,0.36,0.37,0.38
152,"True.Utility",0.04,0.32,0.26,0.25,0.15
216,"True.Tox",0.01,0.05,0.15,0.18,0.35
216,"True.Eff",0.05,0.35,0.36,0.37,0.38
216,"True.Utility",0.04,0.32,0.26,0.25,0.15
